component_id,lot_id,is_defective,defect_type,leakage_0h,leakage_24h,leakage_96h,leakage_168h,iddq_0h,iddq_24h,iddq_96h,iddq_168h,delay_0h,delay_24h,delay_96h,delay_168h
CMP-00001,LOT-01,0,normal,9.4477,9.4789,9.7734,10.0042,4.1487,4.1463,4.3828,4.4638,12.6927,12.5978,13.0091,12.9264
CMP-00002,LOT-07,0,normal,11.6747,11.7474,11.7498,11.928,3.1072,3.0652,3.2519,3.2772,12.5382,12.4181,12.8573,12.6971
CMP-00003,LOT-06,0,normal,10.9547,10.9094,11.0675,11.0062,3.3847,3.4359,3.5536,3.7294,12.4092,12.5887,12.6884,12.8482
CMP-00004,LOT-04,0,normal,8.2556,8.4423,8.342,8.8874,4.0016,4.046,4.0479,4.2341,12.244,12.3729,12.6737,13.1009
CMP-00005,LOT-04,0,normal,10.9841,11.2209,12.0221,12.2731,3.0421,3.0732,3.2332,3.3771,11.4004,11.49,11.6078,12.0597
CMP-00006,LOT-07,0,normal,8.908,8.9056,9.5501,9.4719,3.9425,4.0202,4.0953,4.1356,13.9276,14.3173,14.3789,14.6684
CMP-00007,LOT-01,0,normal,11.6188,11.8912,12.6806,13.8564,3.5897,3.668,3.845,3.9851,10.0257,10.133,10.3587,10.6578
CMP-00008,LOT-06,0,normal,11.7161,11.7359,12.0753,12.3752,4.933,4.9689,5.1832,5.3331,12.1818,12.3819,12.5593,12.9163
CMP-00009,LOT-02,0,normal,10.6167,,10.867,10.9894,5.7307,5.6675,5.8395,5.9947,12.3262,12.3069,12.2267,12.3666
CMP-00010,LOT-01,0,normal,9.986,10.1731,10.3843,10.6977,3.8177,4.0033,4.0603,4.1908,11.1814,11.1942,11.63,12.0797
CMP-00011,LOT-05,0,normal,9.5193,9.7911,10.026,10.4141,4.4543,4.5113,4.4415,4.3902,,11.4932,11.6017,11.8727
CMP-00012,LOT-08,0,normal,10.5984,10.8486,11.2125,11.4258,3.8399,3.901,3.9143,3.9559,13.3555,13.3553,13.3849,13.4742
CMP-00013,LOT-06,0,normal,9.9292,10.1553,10.9922,12.009,3.8666,3.9104,4.1322,4.014,13.9974,14.1434,14.3298,14.6305
CMP-00014,LOT-07,0,normal,10.5057,10.6272,10.4762,10.6184,5.1144,5.1406,5.149,5.2335,11.488,11.4119,11.7775,12.1339
CMP-00015,LOT-06,0,normal,11.3236,11.5889,12.1332,12.8317,3.7995,3.8141,3.9202,3.8845,11.1416,11.2233,11.5565,11.6212
CMP-00016,LOT-07,0,normal,9.3873,9.5553,10.0093,10.2712,3.9369,3.9622,4.1044,4.1341,11.7919,11.9662,12.2814,12.4687
CMP-00017,LOT-05,0,normal,9.0987,9.1088,8.9255,9.0595,3.7714,3.8403,4.0534,4.3623,10.1462,10.2455,10.3161,10.6417
CMP-00018,LOT-02,0,normal,8.9161,8.8807,9.2373,9.8624,5.091,5.2273,5.3306,5.4134,10.0842,10.2427,10.7256,10.9924
CMP-00019,LOT-07,0,normal,8.8682,9.0762,9.9342,10.3553,2.3757,2.4537,2.6377,2.738,11.8645,11.9315,12.2299,12.6025
CMP-00020,LOT-04,1,accelerating_drift,7.6931,8.8362,17.4072,29.9214,3.8106,4.3928,8.8264,15.1998,12.9355,13.7457,18.8717,25.92
CMP-00021,LOT-05,0,normal,10.8823,10.822,11.1772,11.4232,4.2342,4.2916,4.4105,4.4318,11.4,11.4262,11.8117,12.0733
CMP-00022,LOT-03,0,normal,12.0379,12.1215,12.0136,12.1295,3.6761,3.7582,3.8479,3.9542,12.1253,12.0842,12.4037,12.3574
CMP-00023,LOT-02,0,normal,12.1194,12.2401,12.2174,12.0444,5.0487,5.0107,5.1577,5.3407,10.7062,10.7583,11.1362,12.0093
CMP-00024,LOT-08,0,normal,7.484,7.672,8.5633,9.0498,4.9921,5.1035,5.3286,5.5204,13.2588,13.3152,13.4299,13.4404
CMP-00025,LOT-07,0,normal,11.2867,11.2749,11.4306,11.439,3.3881,3.4204,3.5121,3.5638,14.6415,14.6759,14.9884,15.1292
CMP-00026,LOT-06,0,normal,11.9235,12.1027,11.9785,12.2693,5.2355,5.2476,5.2786,5.3702,11.56,11.5572,11.7678,11.9172
CMP-00027,LOT-04,0,normal,9.584,9.631,9.823,10.3458,3.288,3.2564,3.2867,3.2322,13.5698,13.4986,13.5632,13.8991
CMP-00028,LOT-07,1,accelerating_drift,10.3059,11.5127,18.431,28.899,4.8684,5.2847,8.4249,12.8864,13.0505,14.0634,19.3351,27.0107
CMP-00029,LOT-05,0,normal,7.2162,7.3829,7.4256,7.4537,4.375,4.369,4.3685,4.3608,11.7163,11.6693,11.7482,11.8676
CMP-00030,LOT-04,0,normal,10.606,10.6964,10.9202,11.422,3.7542,3.7927,4.1026,4.4668,12.0856,12.3685,12.8806,13.1303
CMP-00031,LOT-04,0,normal,8.6576,8.9082,8.8176,8.6396,3.8067,3.7925,4.0341,4.0825,12.1584,12.0878,12.2954,12.3463
CMP-00032,LOT-02,0,normal,10.4986,10.5011,10.4708,10.4376,4.4803,4.4968,4.5783,4.6282,13.3418,13.672,13.8571,14.4104
CMP-00033,LOT-01,1,high_relative,13.2301,15.7325,18.3145,19.7729,6.4857,7.4923,8.2201,8.7547,15.6589,17.1137,18.3452,19.7009
CMP-00034,LOT-05,0,normal,10.6072,10.6884,11.5369,11.9767,3.851,3.812,4.0611,4.1813,12.224,12.2165,12.4636,12.5229
CMP-00035,LOT-08,1,accelerating_drift,10.9768,11.76,16.3256,22.6787,4.2811,5.0221,10.5168,18.3133,12.2903,13.1506,19.4107,28.0356
CMP-00036,LOT-01,0,normal,8.6637,8.6101,8.9864,8.9674,3.9379,4.017,3.9717,4.0429,12.9492,12.9755,13.0845,13.3275
CMP-00037,LOT-07,0,normal,8.6594,8.904,9.3393,9.988,3.4684,3.4184,3.6574,3.5284,11.7804,11.6008,11.933,11.9245
CMP-00038,LOT-07,0,normal,7.53,7.3811,7.5686,7.478,3.6901,3.7269,3.8934,3.9886,12.9111,12.8264,12.916,12.9973
CMP-00039,LOT-03,0,normal,9.3686,9.7093,10.3893,11.4832,3.3741,3.5403,3.5789,3.8943,14.9806,15.0705,15.485,15.7274
CMP-00040,LOT-06,0,normal,9.5908,9.584,9.4237,9.4507,3.7771,3.942,4.1395,4.3511,9.9331,10.0304,10.4316,10.6998
CMP-00041,LOT-02,0,normal,8.2608,8.4497,9.1452,9.6713,4.7143,4.7293,5.0424,5.12,11.9187,12.0982,12.0155,12.4405
CMP-00042,LOT-07,0,normal,10.7451,10.8955,10.883,11.1432,4.201,4.2778,4.3416,4.4186,13.1768,13.059,13.1194,13.3858
CMP-00043,LOT-06,1,accelerating_drift,9.8735,11.1657,19.6306,31.6578,5.1105,5.8158,10.3373,16.9117,12.1851,13.3561,20.7794,31.0187
CMP-00044,LOT-03,0,normal,8.2925,8.3877,9.0308,9.6536,2.8422,2.8805,2.8511,2.932,11.9465,12.08,12.1968,12.2193
CMP-00045,LOT-01,0,normal,9.0637,9.0561,9.013,9.0332,4.7049,4.6317,4.6867,4.6687,12.1207,12.1485,11.9858,12.1862
CMP-00046,LOT-08,0,normal,11.1776,10.9073,11.4625,11.5129,4.4047,4.3867,4.3528,4.5067,12.4511,12.4525,12.5876,12.9086
CMP-00047,LOT-04,1,accelerating_drift,10.8233,11.7169,17.5992,26.2507,4.4725,5.1913,10.3161,17.9562,12.054,12.9605,19.9185,29.534
CMP-00048,LOT-08,0,normal,9.462,9.641,10.4917,10.8253,4.6919,4.7807,4.8603,4.8871,12.169,12.3233,12.3914,12.8392
CMP-00049,LOT-06,0,normal,11.1116,11.2071,11.3496,11.6351,4.0169,3.9744,4.0119,3.9823,14.2148,14.7457,15.0652,15.4666
CMP-00050,LOT-07,1,high_relative,12.4201,14.1162,15.8591,17.2726,6.1524,7.0255,7.7609,8.4481,16.0442,17.5602,18.8335,19.848
CMP-00051,LOT-07,0,normal,10.2819,10.3771,10.8766,11.5173,3.7554,3.7446,3.9302,4.188,13.2804,13.4615,13.482,13.6618
CMP-00052,LOT-02,0,normal,10.6828,10.4819,10.8872,11.063,4.9143,4.9454,5.1092,5.4508,10.9081,11.1973,11.3391,11.4741
CMP-00053,LOT-03,0,normal,9.1279,9.1139,9.1902,8.9453,2.986,3.025,3.0415,3.0037,13.0104,13.1721,13.5243,13.355
CMP-00054,LOT-04,0,normal,10.4549,10.7307,10.9171,10.4554,4.3453,4.3895,4.4164,4.4914,12.4933,12.4658,12.5054,12.5886
CMP-00055,LOT-04,0,normal,9.1204,9.2484,9.703,10.0009,3.9754,4.07,4.0425,4.0964,12.2507,12.3387,12.5368,13.0779
CMP-00056,LOT-01,0,normal,10.4912,10.7017,11.2916,11.9413,4.1528,4.1849,4.3833,4.4233,10.9765,11.166,11.35,11.6485
CMP-00057,LOT-05,0,normal,10.5852,10.6825,11.6071,12.3173,4.1824,4.2181,4.2891,4.4241,10.8523,10.8839,11.048,10.6825
CMP-00058,LOT-02,0,normal,6.531,6.6192,7.1013,7.4767,4.3679,4.4613,4.4407,4.5716,13.2907,13.4593,13.5099,13.9654
CMP-00059,LOT-06,0,normal,11.8506,11.9372,12.2325,12.5704,4.7389,4.8637,4.9225,5.2722,11.6776,11.7081,11.8885,11.7749
CMP-00060,LOT-06,0,normal,6.3391,6.4726,6.8825,7.4547,5.8448,5.97,6.1307,6.2617,13.1492,13.1595,13.2106,13.3242
CMP-00061,LOT-08,0,normal,8.9401,8.9236,8.9615,9.0177,4.9917,5.063,5.1854,5.3007,11.6414,11.7168,11.7682,11.8706
CMP-00062,LOT-06,0,normal,11.5894,11.8587,11.9929,12.2237,3.7892,3.8242,3.7937,3.8707,13.3954,13.5557,13.716,14.1425
CMP-00063,LOT-03,0,normal,9.2094,9.3915,9.1415,9.4924,4.3817,4.4464,4.5218,4.7089,11.457,11.5787,12.0335,12.5105
CMP-00064,LOT-08,1,accelerating_drift,8.0543,8.3512,13.185,20.3604,4.7149,5.0719,7.1469,10.1456,11.6719,12.1234,15.6275,20.3773
CMP-00065,LOT-04,0,normal,8.6182,8.8774,9.3713,9.5768,3.4907,3.5655,3.6597,3.7254,11.0391,11.0693,11.1566,11.2402
CMP-00066,LOT-03,0,normal,11.0522,11.2191,11.6284,11.99,3.3678,3.43,3.4475,3.5185,11.4975,11.5323,12.0403,12.1347
CMP-00067,LOT-08,0,normal,7.0511,7.2708,7.7674,8.2095,4.3355,4.4262,4.6648,4.8146,13.0775,13.1168,13.3005,13.361
CMP-00068,LOT-03,0,normal,11.1864,11.4068,11.6075,11.9892,4.5032,4.5204,4.7027,4.8673,12.1552,12.1217,12.0603,12.4238
CMP-00069,LOT-01,0,normal,9.6685,9.8571,10.2839,10.541,3.5224,3.5549,3.7735,3.9332,10.8971,11.0765,11.2497,11.5573
CMP-00070,LOT-04,0,normal,8.5149,8.5675,8.8841,9.386,3.6294,3.7047,3.9664,4.1438,11.7147,11.9775,12.2703,12.7018
CMP-00071,LOT-07,0,normal,9.5532,9.5943,9.9545,10.1034,4.4235,4.4812,4.6625,4.7837,11.67,11.6977,11.7936,11.9546
CMP-00072,LOT-02,0,normal,9.0215,9.1353,9.4963,9.8229,4.4971,4.5033,4.6131,4.6429,12.3305,12.1428,12.2236,12.4854
CMP-00073,LOT-04,0,normal,11.2831,11.2355,11.5488,11.1522,4.7925,4.7861,5.1351,5.1773,12.5078,12.6342,12.7743,12.6095
CMP-00074,LOT-02,0,normal,11.0919,11.3809,11.5788,12.4073,3.8055,3.7117,3.8796,4.0733,11.4614,11.5094,11.7425,11.8521
CMP-00075,LOT-06,0,normal,8.2381,8.1611,8.818,9.1197,5.3218,5.5664,5.8188,6.1779,12.7852,12.7685,12.9638,13.2413
CMP-00076,LOT-04,0,normal,9.4721,9.6716,9.6958,9.582,3.1667,3.2007,3.4209,3.4885,13.6767,13.6625,13.6864,13.8659
CMP-00077,LOT-03,0,normal,8.7251,8.6827,8.9515,9.4138,2.9389,3.0695,3.1746,3.3272,11.786,12.0485,11.9361,12.2926
CMP-00078,LOT-02,0,normal,12.0755,12.0348,11.9682,12.1373,4.4582,4.5308,4.6292,4.8043,10.7069,10.7845,11.0762,11.0393
CMP-00079,LOT-05,0,normal,8.1612,8.1889,8.3596,8.5737,3.7266,3.7164,3.7342,3.9977,12.3488,12.4225,12.6329,12.8861
CMP-00080,LOT-06,0,normal,12.3135,12.279,12.4697,12.2925,4.0469,4.0256,4.0616,4.2347,11.2503,11.4117,11.5425,11.8711
CMP-00081,LOT-08,1,accelerating_drift,9.6557,10.6902,18.1527,27.9553,4.3191,4.9224,9.0592,14.6705,12.5799,13.4308,19.9385,29.1772
CMP-00082,LOT-04,0,normal,8.5519,8.5781,9.5048,10.0293,3.9524,4.0499,4.1402,4.2729,11.2032,11.3215,11.3648,11.4083
CMP-00083,LOT-02,1,high_relative,14.6216,17.1844,19.3937,21.403,6.1568,7.1514,8.0112,8.9136,14.1882,15.7416,16.867,17.9679
CMP-00084,LOT-07,0,normal,9.1513,9.3415,10.199,11.2749,4.4404,4.4424,4.583,4.6344,12.459,12.517,12.6263,12.7856
CMP-00085,LOT-06,0,normal,8.4633,8.7395,8.8014,9.1815,3.9003,3.8809,3.9497,4.1013,13.4133,13.4152,13.5539,13.6693
CMP-00086,LOT-06,0,normal,10.5312,10.8522,12.1481,13.2096,4.6852,4.6743,4.7772,4.9392,13.6074,13.527,13.5289,13.5452
CMP-00087,LOT-01,0,normal,8.2214,8.3615,8.4351,8.8483,4.3045,4.2677,4.2566,4.168,13.0539,12.8287,13.0637,13.3057
CMP-00088,LOT-03,0,normal,6.8295,6.877,7.5273,7.7441,3.5262,3.657,3.7866,4.1309,12.5299,12.587,12.8523,13.4525
CMP-00089,LOT-07,0,normal,9.6716,9.7741,10.0147,10.1081,3.1874,3.3076,3.1984,3.3973,12.501,12.5153,12.9319,13.295
CMP-00090,LOT-07,0,normal,7.9051,8.1666,8.4377,8.6,4.0897,4.1256,4.2307,4.4854,10.6192,10.5233,10.8729,11.1692
CMP-00091,LOT-04,0,normal,9.0461,9.4703,9.7967,10.4417,3.3386,3.3621,3.5566,3.6016,12.2769,12.1458,12.514,12.7456
CMP-00092,LOT-07,0,normal,8.8291,9.2154,9.4512,9.6355,3.4041,3.5143,3.5364,3.6854,10.5179,10.5678,11.0251,11.4185
CMP-00093,LOT-07,0,normal,9.1207,9.383,10.1481,10.8939,4.3895,4.4308,4.5951,4.648,10.7662,10.8247,10.948,10.9692
CMP-00094,LOT-04,0,normal,12.7537,12.7277,13.1395,13.7113,3.0534,3.0664,3.1512,3.127,11.5459,11.7686,11.8775,11.8034
CMP-00095,LOT-08,0,normal,9.7403,9.9504,10.3271,10.42,5.0725,5.1726,5.1787,5.1742,12.8433,13.0306,13.4921,13.8851
CMP-00096,LOT-03,0,normal,9.9226,10.0205,10.0453,10.3097,4.1166,4.1893,4.4675,4.7198,11.5762,11.6345,11.9581,12.1659
CMP-00097,LOT-02,0,normal,7.9997,8.1823,8.4437,8.9418,4.4565,4.4913,4.6418,4.821,13.226,13.1967,13.3457,13.3258
CMP-00098,LOT-06,0,normal,9.3224,9.4773,9.8577,10.0804,3.522,3.55,3.7641,3.9206,12.9396,12.9877,13.2853,13.5719
CMP-00099,LOT-06,0,normal,10.4922,10.6065,10.7287,10.7958,4.5728,4.6346,4.8631,4.932,12.151,12.304,12.4142,12.3925
CMP-00100,LOT-02,0,normal,8.9007,9.0065,9.1116,8.8947,4.5227,4.6036,4.6894,4.7386,12.9709,12.9365,13.064,13.1839
CMP-00101,LOT-07,0,normal,11.4735,11.7731,12.754,13.8453,3.8267,3.8239,4.0349,4.0974,14.3065,14.3708,14.3081,14.5379
CMP-00102,LOT-02,0,normal,8.7044,8.8561,8.88,9.2774,4.637,4.6384,4.6558,4.8511,12.1626,12.3788,12.487,12.906
CMP-00103,LOT-07,0,normal,9.8032,9.7876,10.0451,9.935,3.2661,3.2008,3.212,3.2351,11.9226,12.0481,12.3426,12.697
CMP-00104,LOT-01,0,normal,9.241,8.9615,9.3584,9.2393,3.574,3.5332,3.6254,3.729,11.4812,11.6155,12.0102,12.3632
CMP-00105,LOT-07,0,normal,10.4619,10.6788,10.8965,10.7719,3.504,3.5625,3.7666,3.8728,11.3337,11.2465,11.6374,11.7401
CMP-00106,LOT-07,0,normal,9.4144,9.7741,9.9325,10.2153,4.3099,4.3582,4.3423,4.5208,12.6576,12.7104,12.8816,13.1405
CMP-00107,LOT-07,0,normal,9.8304,10.0568,10.4262,11.1852,4.1723,4.1902,4.1676,4.2782,11.8205,11.8849,12.1158,12.6732
CMP-00108,LOT-06,0,normal,9.9446,10.0311,10.803,10.9784,4.6569,4.6713,4.8451,4.8569,12.0936,12.2089,12.5293,12.9322
CMP-00109,LOT-04,0,normal,8.9516,9.1094,9.2459,9.5814,3.5312,3.6117,3.8825,4.0742,12.0058,12.2002,12.2536,12.5913
CMP-00110,LOT-06,0,normal,11.0246,11.1146,11.3778,11.7114,4.3866,4.3885,4.3232,4.4629,10.5194,10.4914,10.4898,10.6537
CMP-00111,LOT-03,0,normal,10.0588,10.1603,10.2827,10.0767,3.9656,4.0259,4.1362,4.3316,10.8327,10.7634,10.894,11.017
CMP-00112,LOT-07,0,normal,10.0847,10.0196,10.2415,10.4408,3.692,3.6402,3.7636,3.8687,12.2811,12.3499,12.426,12.4377
CMP-00113,LOT-05,0,normal,9.2917,9.3,9.5409,9.249,4.4788,4.5701,4.551,4.6712,11.5195,11.5832,11.9834,11.8566
CMP-00114,LOT-04,0,normal,11.2077,11.1598,10.9786,11.3552,4.0188,3.9476,4.1162,4.2197,11.3776,11.3112,11.4287,11.7393
CMP-00115,LOT-05,0,normal,9.4157,9.8395,10.41,10.9546,3.9834,4.0832,4.1361,4.3493,11.5365,11.5505,11.9081,12.5497
CMP-00116,LOT-05,0,normal,9.4114,9.5938,10.3537,10.6619,,4.3948,4.4742,4.7525,10.8603,11.0659,10.9964,10.8397
CMP-00117,LOT-01,0,normal,9.8577,9.9988,10.7236,11.2534,4.2987,4.3972,4.566,4.5654,10.5824,10.4987,10.71,10.6183
CMP-00118,LOT-02,0,normal,12.6677,12.6667,12.875,13.2936,4.3922,4.515,4.7072,4.8233,11.0044,11.1541,11.2148,11.6923
CMP-00119,LOT-02,0,normal,8.6381,8.8384,9.1053,9.9651,4.2971,4.3187,4.5491,4.7774,11.5692,11.4896,11.7942,12.0621
CMP-00120,LOT-01,0,normal,10.6254,10.8178,10.9514,10.8082,3.6701,3.7061,3.8967,4.0621,11.7833,11.7457,11.5005,11.7449
CMP-00121,LOT-04,0,normal,7.5064,7.8624,8.2702,9.1291,4.0665,4.0476,4.2228,4.2929,11.9462,12.015,11.8775,11.8967
CMP-00122,LOT-06,0,normal,10.5762,10.6551,11.0293,11.2969,3.5825,3.6786,3.8686,4.0116,12.7763,12.8914,13.1972,13.4707
CMP-00123,LOT-06,1,high_relative,17.8621,20.5025,22.929,25.1578,5.7517,6.7155,7.6735,8.312,16.8728,18.8894,20.8814,21.9957
CMP-00124,LOT-04,0,normal,10.62,10.9728,11.451,11.7338,3.8991,3.8848,3.9177,3.9684,11.2334,11.4432,11.8103,12.5983
CMP-00125,LOT-07,0,normal,10.615,10.4769,10.5769,10.3028,4.5712,4.577,4.5545,4.5596,11.0882,11.3691,11.2808,11.677
CMP-00126,LOT-05,1,accelerating_drift,9.1637,9.6732,13.1027,18.1727,4.3905,4.9416,9.5156,15.9417,12.8333,13.5931,17.7146,23.8462
CMP-00127,LOT-01,0,normal,9.9086,10.0391,9.8421,10.0599,4.0847,4.132,4.2349,4.3914,12.393,12.436,12.5256,12.5074
CMP-00128,LOT-07,1,accelerating_drift,9.8255,10.7736,17.4507,26.2129,3.9077,4.2134,6.33,9.4182,11.8141,12.4389,16.749,23.0383
CMP-00129,LOT-05,0,normal,8.9078,8.9506,9.4486,10.026,4.5851,4.6539,4.6382,4.5934,11.9592,11.9689,12.4316,13.0128
CMP-00130,LOT-06,0,normal,9.8944,9.9443,9.8008,9.9487,2.7726,2.7939,3.0459,3.1022,13.4806,13.6229,14.0024,14.2178
CMP-00131,LOT-05,0,normal,10.0959,10.0686,9.9246,10.1246,4.7011,4.7611,4.8445,5.0092,13.4485,13.4631,13.7018,13.7328
CMP-00132,LOT-05,1,high_relative,13.8298,16.1077,17.821,19.3049,5.2947,6.1842,7.3002,8.0828,16.064,18.0655,19.6879,20.9859
CMP-00133,LOT-01,0,normal,8.6286,8.8203,8.855,9.1966,3.5989,3.6285,3.8254,3.9295,13.1105,13.1837,13.2776,13.5596
CMP-00134,LOT-05,0,normal,8.2408,7.999,8.0233,8.046,3.9884,4.0752,4.0376,4.1339,10.4603,10.4748,10.9386,11.3597
CMP-00135,LOT-07,1,unstable,10.7407,12.3932,16.221,19.4173,5.3432,5.7799,7.4428,8.8568,12.7655,15.6714,16.9527,20.0387
CMP-00136,LOT-03,0,normal,10.5336,10.4507,10.4419,10.45,4.8749,5.0099,5.177,5.4381,11.8404,11.9069,11.6685,11.6661
CMP-00137,LOT-05,0,normal,10.0671,10.3601,10.6233,11.2527,4.6857,4.6221,4.7458,4.905,11.9656,12.1267,12.1533,12.3334
CMP-00138,LOT-01,0,normal,10.9957,11.118,10.9959,10.8899,4.5946,4.531,4.6247,4.6579,13.5719,13.7229,13.91,13.9614
CMP-00139,LOT-03,0,normal,9.7166,9.9521,10.1694,10.3378,2.9746,3.1147,3.2112,3.2305,12.2244,12.3718,12.322,12.3954
CMP-00140,LOT-04,0,normal,10.6376,10.8436,11.6281,11.9301,4.1732,4.1475,4.1187,4.1661,10.7357,10.9328,11.0531,11.2808
CMP-00141,LOT-08,1,accelerating_drift,10.0862,11.1899,19.1769,31.0827,4.0437,4.7337,9.5929,16.5971,11.4042,12.1406,18.0409,25.9853
CMP-00142,LOT-02,0,normal,10.1397,10.1885,10.5312,10.5374,4.044,4.0514,4.1412,4.2385,13.2323,13.4353,13.9221,14.1903
CMP-00143,LOT-03,0,normal,8.9257,9.2405,9.614,10.436,4.1135,4.2208,4.4519,4.7675,12.5304,12.4314,12.5153,12.6304
CMP-00144,LOT-04,1,accelerating_drift,12.8684,14.1998,23.0445,35.3248,3.7665,4.3183,8.6875,14.6771,12.2018,13.2022,19.5983,28.8303
CMP-00145,LOT-08,0,normal,9.0932,9.3029,9.206,9.4291,4.8972,4.8043,5.0219,5.2353,12.4428,12.4543,12.7392,13.2418
CMP-00146,LOT-07,0,normal,9.3082,9.6888,10.3031,10.9709,3.1787,3.1541,3.3929,3.5786,13.0886,13.0908,13.4754,13.6305
CMP-00147,LOT-01,0,normal,10.3269,10.5174,10.6414,11.0192,4.4719,4.4771,4.4389,4.4021,10.9317,11.2061,11.0815,11.241
CMP-00148,LOT-02,0,normal,10.7691,10.8672,11.5074,11.9818,4.0606,4.0745,4.1807,4.2187,11.9503,12.1386,12.0583,12.1083
CMP-00149,LOT-07,0,normal,8.3825,8.5186,9.0165,9.3763,3.9891,3.9834,3.9906,3.9543,11.613,11.7385,11.8743,12.2622
CMP-00150,LOT-01,0,normal,11.4001,11.225,11.4844,11.4751,4.5791,4.5219,4.6027,4.6218,11.6038,11.6548,11.821,12.1685
CMP-00151,LOT-07,0,normal,10.0452,10.2148,10.7885,11.1014,3.5942,3.5792,3.7439,3.9809,12.0599,12.3054,12.4225,12.1245
CMP-00152,LOT-03,0,normal,8.2862,8.4005,8.6829,9.0443,4.172,4.1304,4.1605,4.1198,8.8116,9.0156,9.4304,9.866
CMP-00153,LOT-08,0,normal,11.2255,11.4469,12.0968,12.5635,4.2575,4.2811,4.2603,4.4002,12.4095,12.3155,12.4775,12.6549
CMP-00154,LOT-03,0,normal,10.367,10.6105,10.6497,10.598,3.7013,3.73,3.8835,4.0453,11.2765,11.1962,11.2109,11.1654
CMP-00155,LOT-04,0,normal,8.5913,8.6509,8.9017,9.2155,3.6998,3.7725,3.8953,3.9274,11.5528,11.7372,11.9362,12.0678
CMP-00156,LOT-06,0,normal,12.6039,12.6389,12.923,13.0183,4.0063,3.8781,4.0072,4.0947,12.4773,12.4953,12.8303,12.9629
CMP-00157,LOT-02,0,normal,11.2253,11.2545,11.8176,12.3225,,4.1934,4.3505,4.489,13.3616,13.4609,13.8545,13.9887
CMP-00158,LOT-05,0,normal,9.7821,9.9916,9.7259,9.6854,4.2506,4.3837,4.4525,4.7278,11.889,12.0713,12.5721,12.6313
CMP-00159,LOT-05,1,accelerating_drift,11.9161,12.9428,18.7533,26.8262,4.1637,4.5153,7.3955,11.7417,11.9682,12.5548,16.6387,22.3021
CMP-00160,LOT-07,0,normal,10.3444,10.526,10.9915,11.5642,3.7692,3.8316,3.7642,3.9602,13.1665,13.2533,13.277,13.3224
CMP-00161,LOT-08,0,normal,9.7611,9.6382,9.586,9.7278,5.2428,5.2333,5.2913,5.3319,13.6331,13.5267,13.6701,14.0161
CMP-00162,LOT-06,0,normal,9.4758,9.6494,10.289,11.0861,4.3138,4.3429,4.357,4.6621,13.0063,13.1088,13.2848,13.8174
CMP-00163,LOT-04,1,accelerating_drift,10.895,12.1486,20.0035,31.1311,3.8253,4.4467,8.9438,15.4318,12.0676,12.6348,17.1189,23.1727
CMP-00164,LOT-04,0,normal,10.8484,10.963,11.422,11.966,4.0741,4.1898,4.2496,4.4887,12.4805,12.6172,12.7721,12.9978
CMP-00165,LOT-04,0,normal,10.2295,10.6038,11.0413,11.9571,3.4986,3.4577,3.5585,3.6068,9.4619,9.415,9.9901,10.3356
CMP-00166,LOT-07,1,accelerating_drift,9.2588,9.966,14.7884,21.7421,3.9046,4.2162,6.827,10.2475,14.9336,15.7637,22.5107,31.7089
CMP-00167,LOT-03,0,normal,9.7476,9.9414,10.149,9.9775,3.8921,3.9841,4.1143,4.408,13.6044,13.6977,14.0007,14.5355
CMP-00168,LOT-02,1,unstable,10.1469,12.403,16.1772,14.4426,3.7705,4.5841,6.2866,7.2628,11.8009,14.8676,16.9509,18.1688
CMP-00169,LOT-03,0,normal,7.8832,8.0479,8.4882,8.6927,4.2573,4.2995,4.4708,4.4325,10.6755,10.7152,10.9234,10.8417
CMP-00170,LOT-01,0,normal,7.9779,8.0703,8.2043,8.2686,4.1661,4.1523,4.1249,4.0574,13.1634,13.3825,13.7627,14.2096
CMP-00171,LOT-01,0,normal,10.5753,10.6071,10.363,10.7444,4.2438,4.1986,4.2742,4.3964,11.3401,11.1949,11.3118,11.4898
CMP-00172,LOT-01,0,normal,6.316,6.1058,6.5059,7.1957,4.0585,4.135,4.3949,4.5303,12.4918,12.5454,12.5166,12.6866
CMP-00173,LOT-07,0,normal,10.466,10.7039,11.0573,11.5978,5.7548,5.8037,5.8604,5.8758,11.4387,11.511,11.8264,11.9234
CMP-00174,LOT-06,0,normal,9.5483,9.8708,9.5244,9.7021,3.6776,3.7117,3.9676,4.1985,14.6627,14.7581,14.9976,15.121
CMP-00175,LOT-06,1,accelerating_drift,12.0017,12.7756,19.5637,29.1736,2.917,3.6335,8.4607,15.4322,10.8969,11.5628,15.4376,20.7692
CMP-00176,LOT-04,0,normal,9.3131,9.8524,10.4514,11.1913,3.0949,3.1375,3.2113,3.324,11.7397,11.9703,12.2706,12.6033
CMP-00177,LOT-06,0,normal,11.2113,10.8936,11.2699,11.2361,4.4924,4.5639,4.6669,4.6771,10.3855,10.4228,11.0923,11.3806
CMP-00178,LOT-02,0,normal,9.8193,10.0556,10.3709,11.0689,5.2617,5.346,5.5655,5.8734,11.501,11.7747,12.0486,12.0133
CMP-00179,LOT-08,0,normal,10.0067,9.8817,10.0772,10.2928,3.9635,4.0131,4.0634,3.9877,12.4041,12.2009,12.4537,12.3147
CMP-00180,LOT-05,0,normal,10.8988,10.7416,11.4169,11.6413,5.0092,5.0019,5.1826,5.3862,12.9301,12.8667,13.4576,13.4256
CMP-00181,LOT-08,0,normal,9.0454,9.3286,9.9295,10.4756,4.7681,4.8388,5.1127,5.2884,12.2191,12.2947,12.3608,12.5327
CMP-00182,LOT-02,0,normal,11.6709,11.8755,12.2048,12.5802,4.4387,4.3648,4.4821,4.5472,12.8964,12.8297,13.294,13.678
CMP-00183,LOT-04,0,normal,8.6862,9.0321,9.7069,10.1336,3.8619,3.9092,3.9389,4.0527,10.8562,10.8085,11.0559,11.3475
CMP-00184,LOT-06,0,normal,10.6012,10.7457,10.6768,10.9099,4.1574,4.1244,4.3648,4.4332,12.1162,12.1171,12.6068,12.691
CMP-00185,LOT-04,0,normal,11.335,11.4675,12.322,12.6612,4.4787,4.4479,4.4794,4.6024,11.372,11.501,11.5306,11.4715
CMP-00186,LOT-04,0,normal,10.7669,10.7964,10.9282,11.0794,4.2034,4.319,4.3404,4.4411,12.3584,12.2385,12.3514,12.4512
CMP-00187,LOT-02,0,normal,12.7889,12.9805,13.3621,13.7406,4.1504,4.218,4.3972,4.617,11.9647,12.0881,12.1757,11.8267
CMP-00188,LOT-04,0,normal,9.0199,9.4037,9.589,9.6798,3.9277,3.9694,4.1306,4.253,12.5671,12.8621,13.245,13.8452
CMP-00189,LOT-02,0,normal,8.5173,8.7604,9.0403,9.4357,5.5941,5.5861,5.7641,5.8708,11.8449,11.874,11.971,12.1735
CMP-00190,LOT-03,0,normal,8.3174,8.3505,9.0022,9.363,4.2384,4.184,4.3718,4.4707,12.6739,12.7561,13.1135,13.7252
CMP-00191,LOT-06,0,normal,11.203,11.0321,11.1897,10.8792,4.6095,4.6192,4.7139,4.918,11.5156,11.6419,11.727,11.8733
CMP-00192,LOT-06,0,normal,10.9549,10.8708,10.6444,10.8216,4.3136,4.4211,4.5576,4.7913,12.8816,12.8193,12.9842,13.2201
CMP-00193,LOT-05,0,normal,10.1242,10.0216,10.3605,11.4032,4.4845,4.5432,4.5528,4.6187,13.2383,13.2919,13.6216,13.789
CMP-00194,LOT-03,1,accelerating_drift,8.2489,9.0415,14.3194,21.5851,4.1196,4.8862,10.1406,17.5815,10.3874,11.4739,18.8482,29.1555
CMP-00195,LOT-08,1,accelerating_drift,10.6122,11.8455,19.0924,29.0599,4.8445,5.4555,9.3118,14.9465,13.0626,13.9307,19.2164,26.649
CMP-00196,LOT-01,0,normal,8.2104,8.1855,8.8186,8.9937,4.8098,4.7956,5.0973,5.2575,12.6901,12.7477,13.1941,13.203
CMP-00197,LOT-03,1,accelerating_drift,11.0924,11.9022,16.1689,22.487,4.1298,4.7208,8.5569,14.0039,13.476,14.3743,20.5804,28.8777
CMP-00198,LOT-01,0,normal,13.5767,13.7869,14.1448,14.9357,4.0767,4.0343,4.0162,4.145,12.7973,12.7221,12.9128,12.9442
CMP-00199,LOT-03,0,normal,10.2382,10.1916,10.3776,10.5651,4.283,4.2745,4.3341,4.4498,12.1416,12.3926,12.7365,13.1845
CMP-00200,LOT-08,0,normal,10.6679,10.5553,10.9599,11.3606,4.2985,4.3496,4.4717,4.6354,13.0893,13.2227,13.5185,13.853
CMP-00201,LOT-03,0,normal,9.0108,8.9116,9.086,9.2191,3.8591,3.895,3.8653,3.9388,11.5091,11.4817,11.7922,12.1705
CMP-00202,LOT-08,0,normal,7.3075,7.5534,8.5385,9.279,5.7765,5.9546,6.1047,6.2518,12.2705,12.1895,12.454,12.8457
CMP-00203,LOT-04,0,normal,9.2693,9.3343,9.6288,9.6096,3.1701,3.2613,3.5228,3.746,10.4481,10.6009,10.6403,10.9686
CMP-00204,LOT-06,0,normal,8.9044,8.9651,9.1949,9.5161,4.5887,4.7069,4.8194,5.0114,13.9714,13.9094,14.0421,14.1637
CMP-00205,LOT-04,0,normal,8.2589,8.3673,8.6481,8.9134,3.5032,3.5963,3.6536,3.7815,12.1399,12.3822,12.2497,12.5374
CMP-00206,LOT-03,0,normal,11.9423,11.9709,11.797,11.8187,4.1532,4.181,4.2162,4.1844,11.2641,11.2161,11.3399,11.2671
CMP-00207,LOT-07,0,normal,10.6698,10.6729,11.2611,11.637,5.6102,5.5806,5.7424,5.8646,13.1003,13.0783,13.4804,13.764
CMP-00208,LOT-08,0,normal,10.1226,10.4573,11.1906,12.0072,3.8384,3.8625,3.9855,4.0483,13.876,13.7748,14.0827,14.3974
CMP-00209,LOT-03,0,normal,9.3961,9.4527,9.4685,9.693,3.6412,3.6934,3.8772,3.9734,12.8491,13.3408,13.2157,13.5406
CMP-00210,LOT-07,0,normal,10.0405,10.1161,10.583,10.8436,4.1554,4.2145,4.3759,4.3987,11.8136,11.9873,12.1909,12.6823
CMP-00211,LOT-03,1,high_relative,15.8248,18.0676,19.7375,21.1893,5.6029,6.6212,7.4867,8.356,11.8485,13.3773,14.335,15.2625
CMP-00212,LOT-06,1,accelerating_drift,10.2351,11.5408,20.3931,32.8661,4.5246,5.051,8.4039,13.2818,12.9174,13.4472,16.5303,21.3573
CMP-00213,LOT-07,0,normal,11.1269,10.9091,11.0026,11.4531,3.8292,3.9328,4.0097,4.1607,11.9462,11.9503,12.2461,12.3077
CMP-00214,LOT-04,0,normal,9.7761,9.9187,10.0462,10.1581,4.377,4.3908,4.4559,4.4861,12.4642,12.573,12.359,12.6743
CMP-00215,LOT-06,0,normal,9.8881,10.0068,10.6482,11.4794,3.3586,3.4186,3.4094,3.6165,13.3094,13.3876,13.4398,13.5804
CMP-00216,LOT-03,0,normal,7.8108,7.9813,8.2722,8.4273,3.0577,3.1601,3.3341,3.4389,13.3109,13.4149,13.8939,14.1772
CMP-00217,LOT-01,0,normal,7.4164,7.3357,7.5465,7.6206,4.2841,4.3679,4.5491,4.6595,13.7333,13.7046,13.6891,13.806
CMP-00218,LOT-01,0,normal,9.5657,9.5152,9.7084,9.9301,3.4806,3.6211,3.7787,4.0843,13.3697,13.3747,13.8503,14.3974
CMP-00219,LOT-04,0,normal,10.1169,10.1468,10.0381,10.4669,4.8894,4.9414,5.045,5.1616,13.5828,13.6573,14.089,14.0296
CMP-00220,LOT-08,0,normal,8.0598,7.9638,8.1013,7.8962,3.5274,3.5234,3.6496,3.7244,14.0945,14.0835,14.5701,14.7871
CMP-00221,LOT-02,1,accelerating_drift,10.2796,11.4455,20.3129,32.9022,4.0298,4.4169,7.6884,12.384,13.0281,14.2248,21.9102,32.5777
CMP-00222,LOT-04,0,normal,10.1281,10.2123,10.1187,10.3655,4.2413,4.2686,4.2031,4.3018,11.8723,11.8521,12.2244,12.4308
CMP-00223,LOT-06,0,normal,7.572,7.548,7.5929,7.7432,3.77,3.7775,3.9895,4.233,11.1966,11.1571,11.7755,12.2667
CMP-00224,LOT-02,0,normal,9.1467,9.2515,9.3558,9.8487,3.7761,3.7134,3.7996,3.7978,14.1774,14.0622,14.2693,14.143
CMP-00225,LOT-06,0,normal,10.8549,11.047,11.691,12.5803,5.2095,5.2012,5.3291,5.5574,12.5187,12.545,12.9342,13.0588
CMP-00226,LOT-03,1,unstable,10.2075,15.0574,16.3128,17.2005,3.4976,4.7501,4.9045,4.9604,13.3181,15.5899,17.5977,19.2636
CMP-00227,LOT-07,0,normal,8.7556,8.722,8.9787,9.1789,4.0024,4.0421,4.0249,4.1246,12.2508,12.2305,12.206,12.1791
CMP-00228,LOT-05,0,normal,10.0907,10.2059,10.9108,11.4574,4.253,4.1735,4.2258,4.199,12.7198,12.7674,12.776,12.9024
CMP-00229,LOT-05,0,normal,11.1983,11.1212,11.2665,11.3408,4.6553,4.7839,5.0345,5.2457,9.2811,9.4107,9.8192,10.4877
CMP-00230,LOT-02,0,normal,11.2528,11.3354,12.1014,12.6524,4.773,4.8037,5.0124,5.1341,11.1933,11.2059,11.5258,11.4873
CMP-00231,LOT-04,0,normal,10.1355,10.1304,9.9668,10.1209,3.5557,3.5595,3.5726,3.8213,11.5863,11.8791,12.408,13.0583
CMP-00232,LOT-07,0,normal,9.5122,9.9402,10.2844,11.0838,3.9618,4.0248,4.1415,4.139,13.2787,13.3681,14.0822,14.5263
CMP-00233,LOT-01,0,normal,9.0458,9.1223,9.2307,9.4675,4.2223,4.313,4.423,4.706,12.9783,,14.0402,14.5871
CMP-00234,LOT-07,0,normal,10.7952,10.7372,10.9396,10.7701,4.6119,4.7173,4.8802,5.0223,11.6677,11.8332,12.4408,12.9321
CMP-00235,LOT-04,0,normal,10.519,10.6102,10.5376,11.0486,3.3754,3.3816,3.2859,3.3532,12.4665,12.6128,13.1084,13.7376
CMP-00236,LOT-06,0,normal,11.0418,11.2125,11.5711,12.5246,5.1432,5.2249,5.6418,5.7282,13.5708,13.7583,13.9486,14.3129
CMP-00237,LOT-06,0,normal,10.4103,10.4996,10.5111,10.9099,3.7107,3.6858,3.8987,4.1232,14.8153,14.9067,15.0566,15.3139
CMP-00238,LOT-04,0,normal,11.0814,11.4586,11.8755,12.2273,4.0045,4.1027,4.2136,4.3334,12.6721,12.5322,12.9839,13.2245
CMP-00239,LOT-03,0,normal,9.8605,9.9352,9.9805,9.9365,3.426,3.398,3.473,3.3503,11.6113,11.7289,11.8349,12.0639
CMP-00240,LOT-06,0,normal,11.201,11.6955,11.8495,12.3289,3.3985,3.3763,3.6101,3.9159,11.2252,11.1327,11.4047,11.7206
CMP-00241,LOT-02,1,accelerating_drift,11.3895,12.3344,17.9814,25.948,4.0396,4.8121,9.921,17.3089,13.5882,14.6094,21.8179,32.5398
CMP-00242,LOT-05,0,normal,8.6221,8.8695,9.039,9.377,3.6909,3.7583,3.7344,3.7951,12.4526,12.4813,12.8364,12.8483
CMP-00243,LOT-01,0,normal,7.4963,7.4686,7.5691,7.8477,4.2009,4.2303,4.33,4.47,11.9398,12.1127,11.9958,11.941
CMP-00244,LOT-06,0,normal,12.2668,12.2433,12.5852,13.3257,3.5378,3.7062,4.025,4.4424,10.8401,10.8295,11.2286,11.5277
CMP-00245,LOT-06,0,normal,10.5041,10.7612,11.1111,11.8492,4.45,4.5104,4.5683,4.701,11.5458,11.6357,11.5654,11.6817
CMP-00246,LOT-01,0,normal,7.695,8.0014,8.9293,9.6323,3.9671,4.0845,4.0562,4.1146,12.7386,12.752,12.8987,12.7215
CMP-00247,LOT-07,0,normal,9.1692,9.5326,9.9479,10.4288,3.5947,3.5927,3.6405,3.6955,13.1982,13.1648,13.2156,13.4918
CMP-00248,LOT-04,0,normal,11.1812,11.3003,11.9215,12.6167,3.82,3.866,4.1446,4.4515,9.6744,9.8943,9.9976,10.3338
CMP-00249,LOT-07,0,normal,9.7888,10.1484,11.3256,12.5935,4.6418,4.7442,4.9413,5.1056,13.3321,13.4361,13.8279,14.2677
CMP-00250,LOT-01,0,normal,9.3051,9.3269,9.8296,9.9455,4.5091,4.6897,4.7947,5.1049,10.4336,10.4019,10.714,10.8311
CMP-00251,LOT-02,0,normal,12.1903,12.3631,12.5732,13.2157,4.4535,4.5646,4.5959,4.67,12.877,13.0196,13.3882,13.8478
CMP-00252,LOT-04,0,normal,8.652,8.9492,9.4027,10.027,3.2819,3.3657,3.6043,3.6876,11.7642,12.0112,12.4867,12.5988
CMP-00253,LOT-02,0,normal,9.1799,9.2795,9.2695,8.9366,3.8422,3.8527,3.91,3.8745,11.0799,11.3178,11.4466,11.6693
CMP-00254,LOT-03,0,normal,10.038,9.9588,10.4664,10.2455,3.4039,3.3608,3.4931,3.6296,13.0826,13.0501,13.3397,13.473
CMP-00255,LOT-06,0,normal,10.7895,10.9451,11.0761,11.1304,4.8353,4.809,4.9673,5.0216,12.7601,12.818,12.9259,12.8563
CMP-00256,LOT-02,0,normal,10.9308,10.7998,11.5101,12.1523,4.7775,4.8377,5.1196,5.2854,12.8492,13.0398,13.2368,13.5495
CMP-00257,LOT-06,0,normal,11.6062,11.6069,11.887,11.9759,3.5635,3.7128,3.7362,3.8593,12.5267,12.6633,12.9222,13.1717
CMP-00258,LOT-01,0,normal,10.0151,10.4424,10.7682,10.736,4.036,4.0995,4.1844,4.3018,12.1698,12.2986,12.7039,12.8398
CMP-00259,LOT-02,0,normal,10.9454,10.9908,11.5497,12.4378,4.0588,4.0816,4.2123,4.2568,11.276,11.3867,11.1184,11.3207
CMP-00260,LOT-05,0,normal,9.6137,9.6822,10.1446,10.7158,3.7936,3.8539,3.7343,3.7487,12.0139,11.8845,11.9834,11.9188
CMP-00261,LOT-07,0,normal,10.3713,10.3774,10.5921,10.934,4.4476,4.333,4.4895,4.4156,14.4614,14.5101,14.5787,14.7822
CMP-00262,LOT-02,0,normal,10.4262,10.4274,10.5191,10.5128,4.318,4.4062,4.6556,4.8598,11.0303,11.2078,11.5814,12.0029
CMP-00263,LOT-03,0,normal,9.9614,10.2935,10.7691,11.2405,5.1611,5.1759,5.2573,5.3656,12.6619,12.9207,13.2457,13.257
CMP-00264,LOT-08,0,normal,10.5312,10.9057,11.2194,11.9832,5.0654,5.0728,5.1152,5.2535,11.7846,11.9914,11.8913,12.0022
CMP-00265,LOT-08,0,normal,10.3107,10.4217,10.5697,10.4409,5.0625,5.1247,5.3398,5.582,10.6911,10.5261,10.7075,10.6599
CMP-00266,LOT-05,0,normal,9.9503,10.0647,10.0201,10.5071,4.6788,4.7285,4.9135,5.2622,11.8047,11.7496,12.0439,12.2655
CMP-00267,LOT-04,0,normal,9.0408,9.1669,9.4777,9.7649,3.8342,3.8569,4.0688,4.1802,12.2268,12.2636,12.3629,12.2065
CMP-00268,LOT-03,0,normal,9.8029,10.276,10.6004,10.8844,4.3844,4.4806,4.7231,4.9874,11.9892,12.1796,12.4279,12.8655
CMP-00269,LOT-05,0,normal,9.922,10.0255,10.5574,11.2942,4.122,4.1588,4.3989,4.4967,10.2984,10.4259,10.6143,10.9916
CMP-00270,LOT-05,0,normal,10.0069,10.2572,10.4944,10.7726,5.2138,5.2658,5.3443,5.4413,11.9865,12.036,12.1819,12.1649
CMP-00271,LOT-03,0,normal,12.5551,12.5624,13.0289,13.8104,4.2083,4.2807,4.4397,4.5384,12.3101,12.5715,12.8746,13.2389
CMP-00272,LOT-01,1,accelerating_drift,9.1613,10.2699,18.2455,29.8173,4.5613,5.0031,8.0815,12.5066,11.1697,11.8703,15.7366,21.4038
CMP-00273,LOT-02,0,normal,10.7858,10.9928,10.8874,11.1849,4.5783,4.6272,4.8104,5.0911,10.2945,10.3655,10.2088,10.4461
CMP-00274,LOT-08,0,normal,11.2044,11.0152,11.3816,11.478,5.3602,5.306,5.3392,5.3508,12.3997,12.5614,12.6473,12.7734
CMP-00275,LOT-04,0,normal,10.3153,10.1207,10.4614,10.8074,3.2635,3.2266,3.3702,3.264,12.3861,12.4601,12.9086,13.0993
CMP-00276,LOT-04,0,normal,13.1708,13.2402,13.6094,13.7648,5.032,5.0665,5.1591,5.2275,12.2688,12.3105,12.6558,12.765
CMP-00277,LOT-04,0,normal,9.7771,9.7471,9.6272,9.4394,3.9661,4.0165,3.9174,3.9804,10.9383,10.9563,10.9833,10.9386
CMP-00278,LOT-07,0,normal,10.5011,10.6995,10.8909,10.9129,3.3637,3.3953,3.3953,3.5261,12.7902,12.9672,13.0653,13.3419
CMP-00279,LOT-01,0,normal,8.7859,8.8553,9.3593,9.5832,3.9977,4.0301,4.3727,4.5398,12.9119,12.9938,13.3715,13.6571
CMP-00280,LOT-01,0,normal,9.4014,9.2563,9.5932,9.9384,3.482,3.5996,3.7843,3.9545,10.7897,11.0993,11.5419,12.0334
CMP-00281,LOT-03,0,normal,9.9485,10.148,10.2368,10.3965,4.4284,4.4075,4.5277,4.6251,12.0497,12.1391,12.3309,12.3344
CMP-00282,LOT-04,0,normal,11.2328,11.4126,11.7133,12.2964,3.4432,3.4918,3.5341,3.6378,13.1297,13.2599,13.5142,13.4947
CMP-00283,LOT-06,0,normal,10.6199,10.5474,10.6983,10.7818,4.2363,4.1479,4.1026,4.1853,11.2582,11.2541,11.2985,11.6909
CMP-00284,LOT-04,0,normal,11.8049,11.8524,11.7315,11.9454,4.7302,4.7615,4.7623,4.9887,13.0548,12.992,13.3752,13.5413
CMP-00285,LOT-04,0,normal,10.078,10.1188,10.1358,10.4965,3.6927,3.6636,3.915,3.7674,13.5001,13.43,13.6495,14.1114
CMP-00286,LOT-08,0,normal,9.2781,9.5328,9.6962,10.5814,4.2806,4.2788,4.2471,4.1513,12.4766,12.4315,12.9562,13.1202
CMP-00287,LOT-02,0,normal,13.6475,14.1309,14.7831,15.6864,3.7262,3.7811,3.9477,3.962,11.2928,11.3054,11.3777,11.365
CMP-00288,LOT-05,0,normal,10.2883,10.611,11.1024,11.7059,4.0409,4.1322,4.3039,4.4404,12.6949,12.7743,13.2129,13.2225
CMP-00289,LOT-05,0,normal,8.9799,8.9791,8.9443,8.7551,5.7126,5.8463,5.9097,6.193,11.3914,11.4434,11.6588,11.7365
CMP-00290,LOT-04,0,normal,9.2046,9.3608,9.6366,9.7021,4.4582,4.4974,4.5531,4.6388,9.3982,9.3863,9.686,9.9177
CMP-00291,LOT-07,0,normal,8.7455,8.9345,9.7,9.8299,3.9951,4.1214,4.1893,4.188,12.6181,12.847,13.2327,13.8044
CMP-00292,LOT-03,0,normal,11.0387,10.8927,11.4659,11.6842,3.6515,3.7968,4.1198,4.4508,12.6612,12.555,12.5603,12.5313
CMP-00293,LOT-08,0,normal,9.2239,9.2877,9.9629,10.3057,4.3896,4.392,4.4526,4.7101,13.4954,13.4252,13.6088,13.7594
CMP-00294,LOT-03,0,normal,9.7991,9.869,9.9944,10.0149,4.2056,4.2578,4.2894,4.5636,11.1364,11.1507,11.3755,11.3357
CMP-00295,LOT-05,0,normal,9.8718,9.9212,10.3885,10.5497,4.1281,4.0369,4.1353,4.212,11.3888,11.4466,11.8163,12.0853
CMP-00296,LOT-05,0,normal,10.7531,10.9827,11.5748,11.7454,4.6426,4.5893,4.8088,5.0339,12.6036,12.7893,12.9876,13.5532
CMP-00297,LOT-07,0,normal,9.0528,9.3993,9.9268,10.2432,3.6326,,3.7244,3.7009,12.6885,12.7549,13.0234,13.4518
CMP-00298,LOT-04,0,normal,8.7396,8.8373,8.8635,8.9853,3.4691,3.5578,3.5831,3.5461,10.2484,10.2634,10.5571,10.8082
CMP-00299,LOT-03,0,normal,10.1618,9.9777,10.2273,10.4868,4.2575,4.1897,4.2012,4.3476,13.4287,13.4617,13.8037,14.3344
CMP-00300,LOT-01,0,normal,10.754,10.6295,10.6015,10.4691,3.8403,3.8023,3.8306,3.8582,11.7915,11.9589,12.1834,12.4783
CMP-00301,LOT-03,0,normal,10.1731,10.0943,10.2466,10.3687,4.4385,4.5458,4.7531,4.9257,13.199,13.2982,13.7595,14.1174
CMP-00302,LOT-07,0,normal,9.206,9.1912,9.4186,9.2487,4.1229,4.2417,4.1511,4.2488,11.3796,11.4754,11.8688,12.2365
CMP-00303,LOT-01,1,unstable,10.7778,11.9956,15.3539,21.542,3.4392,4.0565,5.9175,6.7038,11.814,14.2231,17.1857,17.2991
CMP-00304,LOT-08,0,normal,8.6038,8.4986,9.1436,9.4747,4.4741,4.5236,4.807,4.9235,13.1973,13.1914,13.3988,13.7508
CMP-00305,LOT-05,0,normal,9.2444,9.5109,9.2752,9.7428,3.3498,3.4735,3.53,3.6126,11.6421,11.519,11.652,11.737
CMP-00306,LOT-02,0,normal,9.007,9.1289,9.2736,9.2872,4.8735,4.9704,5.103,5.3659,10.5142,10.319,10.4716,10.6163
CMP-00307,LOT-03,0,normal,11.4286,11.4584,11.8408,12.0607,3.895,3.9467,4.0936,4.2859,9.6255,9.937,10.2983,10.5216
CMP-00308,LOT-05,0,normal,10.6665,10.8815,10.7676,10.8306,5.33,5.3196,5.4034,5.6245,13.0719,13.2668,13.4236,13.3967
CMP-00309,LOT-03,0,normal,10.5402,10.6034,11.2341,11.7875,4.6829,4.6745,4.8642,5.0252,12.3451,12.5097,13.0777,13.4428
CMP-00310,LOT-01,0,normal,11.4572,11.4593,11.4812,11.5915,3.7876,3.9059,4.1898,4.481,13.2514,13.2003,13.3086,13.053
CMP-00311,LOT-06,0,normal,13.6826,14.0138,14.5253,14.6502,3.0106,2.9935,2.9953,3.1524,13.3972,13.4174,13.5134,13.4763
CMP-00312,LOT-06,0,normal,8.1001,8.3133,8.2151,8.4128,3.6687,3.5853,3.7934,3.7802,13.0878,13.0939,13.3979,13.8744
CMP-00313,LOT-01,0,normal,8.9236,8.98,9.6435,9.5574,3.8198,3.7279,3.7959,3.8014,11.5904,11.7169,11.7875,12.0147
CMP-00314,LOT-03,0,normal,8.9476,9.0296,9.465,9.6074,5.0676,5.1211,5.2259,5.5613,12.5424,12.6337,12.9758,13.1983
CMP-00315,LOT-02,0,normal,9.1855,9.3834,9.5051,9.6029,4.4929,4.5876,4.6837,5.0259,12.8729,13.2811,13.4269,13.382
CMP-00316,LOT-06,0,normal,9.0544,8.9619,9.0702,8.808,4.6156,4.6809,4.6273,4.8897,12.5164,12.6678,12.7848,13.0134
CMP-00317,LOT-06,1,accelerating_drift,9.9446,10.4643,14.2629,20.0401,3.9103,4.4075,7.8609,12.7501,14.1936,15.25,21.2019,30.1425
CMP-00318,LOT-06,0,normal,8.7641,8.8721,8.8505,8.9901,3.9121,3.9604,4.0912,4.0922,11.0372,11.1267,11.4524,11.3608
CMP-00319,LOT-08,0,normal,10.2158,10.4628,10.669,10.8525,4.3415,4.3277,4.6375,4.6613,11.1818,11.2685,11.5279,11.7147
CMP-00320,LOT-07,0,normal,10.3164,10.3519,10.2173,10.3799,4.747,4.8192,4.8937,4.9806,13.7573,13.7937,14.3607,14.6626
CMP-00321,LOT-03,0,normal,10.2517,10.5008,11.0225,11.3337,4.1612,4.228,4.377,4.492,11.168,11.3195,11.4189,11.7626
CMP-00322,LOT-01,0,normal,10.2632,10.5709,10.8236,10.9479,3.8176,3.877,3.8429,3.996,14.0766,14.1022,14.2642,14.439
CMP-00323,LOT-05,0,normal,10.6043,10.7785,10.8895,10.6449,5.122,5.3243,5.4796,5.6182,13.1224,13.0849,13.2412,13.3156
CMP-00324,LOT-08,0,normal,9.269,9.2108,9.2934,9.9322,4.1943,4.19,4.3816,4.5968,14.3008,14.3933,14.8826,15.252
CMP-00325,LOT-08,0,normal,12.4105,12.5333,13.1,13.2977,4.1276,4.1938,4.3182,4.4092,13.6473,13.6621,13.9242,14.3337
CMP-00326,LOT-02,0,normal,10.6786,10.5834,11.0496,11.2787,2.9498,3.0398,3.1877,3.1371,10.6385,10.638,10.6674,10.708
CMP-00327,LOT-02,0,normal,7.8932,8.0409,8.9332,9.8703,4.8354,4.9442,5.0494,5.2012,9.8738,10.0132,9.8798,9.8834
CMP-00328,LOT-01,0,normal,8.6392,8.5034,8.5074,8.8179,4.4542,4.4205,4.7196,4.7539,13.4973,13.4264,13.7793,13.6615
CMP-00329,LOT-02,0,normal,8.0114,8.1218,8.2679,8.644,4.527,4.5314,4.5164,4.5504,9.9596,10.1456,10.5065,10.6697
CMP-00330,LOT-05,0,normal,9.9289,10.1953,10.4808,10.6813,4.0881,4.0818,4.4065,4.3786,13.3983,13.1723,13.4746,13.7129
CMP-00331,LOT-05,0,normal,9.7515,9.8513,9.9515,10.5985,3.9951,4.0732,4.2097,4.361,12.3343,12.3442,12.6071,13.215
CMP-00332,LOT-03,0,normal,9.2358,9.0584,9.3768,9.2906,3.8132,3.9341,4.1596,4.3333,12.0771,12.1037,12.2955,12.4217
CMP-00333,LOT-03,0,normal,12.167,12.2515,12.2454,12.4113,4.3162,4.2429,4.5403,4.6064,12.5024,12.6989,13.0471,13.5383
CMP-00334,LOT-07,0,normal,10.8881,11.1105,10.977,11.2855,4.5099,4.4956,4.5082,4.5265,13.1167,13.3103,13.6236,14.0364
CMP-00335,LOT-04,0,normal,11.1264,11.1587,10.988,11.1301,3.8952,3.9472,3.9924,3.9898,11.7121,11.7721,11.8139,12.2874
CMP-00336,LOT-07,0,normal,9.1465,9.0085,9.0448,9.2357,4.7634,4.6998,4.8068,4.8923,14.1064,14.4133,14.6028,14.9899
CMP-00337,LOT-08,0,normal,8.4081,8.3629,8.4326,8.5992,4.3199,4.3727,4.4561,4.6993,14.0957,14.0661,14.0858,14.2101
CMP-00338,LOT-03,0,normal,9.7293,9.8653,9.7599,9.6807,3.7631,3.7913,3.8693,4.0096,12.2793,12.335,12.4962,12.7085
CMP-00339,LOT-02,0,normal,10.5947,10.5813,11.2147,11.7391,4.5951,4.5715,4.6282,4.6497,10.9993,11.0388,11.5312,11.8034
CMP-00340,LOT-08,0,normal,7.351,7.4638,8.0123,8.2629,3.5837,3.6238,3.6292,3.6349,13.931,14.1337,14.4425,14.7297
CMP-00341,LOT-06,0,normal,10.0387,10.3016,10.0724,10.158,4.2345,4.2102,4.2764,4.2355,10.4103,10.3315,10.3181,10.2935
CMP-00342,LOT-03,0,normal,9.7564,9.8174,9.8894,10.0494,3.1765,3.2283,3.2374,3.2252,12.4701,12.7304,12.6376,12.9326
CMP-00343,LOT-05,0,normal,9.6915,9.5087,9.5929,9.4449,3.7221,3.8048,3.8693,4.045,12.4511,12.571,12.7949,13.1715
CMP-00344,LOT-05,0,normal,8.9784,8.8948,9.0551,9.1531,3.1782,3.3053,3.64,3.8111,10.8666,10.8318,11.1708,11.4993
CMP-00345,LOT-08,0,normal,9.0514,9.0724,9.3516,9.9735,4.2345,,4.523,4.8733,13.6522,13.7236,14.2882,14.5501
CMP-00346,LOT-03,0,normal,9.4822,9.5178,10.0757,10.4753,4.869,4.9288,4.9376,5.0106,12.0265,12.2063,12.5256,12.9006
CMP-00347,LOT-08,0,normal,9.7983,9.8989,9.83,10.063,4.2865,4.2852,4.4797,4.585,12.2817,12.178,12.2337,12.582
CMP-00348,LOT-08,0,normal,10.5221,10.7771,11.2352,11.7399,4.7563,4.7423,4.7774,4.6692,13.552,13.7883,13.9698,14.3521
CMP-00349,LOT-02,0,normal,11.6955,11.6758,11.6178,11.8784,5.8036,5.8012,5.8058,5.722,10.4003,10.5439,10.6975,10.8469
CMP-00350,LOT-02,0,normal,9.9355,9.8816,10.0003,9.8709,4.7846,4.7465,4.8021,4.781,12.4575,12.6564,12.8189,13.1957
CMP-00351,LOT-05,0,normal,9.1745,9.3414,9.7412,10.2684,3.9173,3.8659,4.049,4.0518,9.6545,9.7833,10.0193,10.317
CMP-00352,LOT-01,0,normal,10.512,10.6358,11.2365,12.1992,4.077,4.1612,4.1558,4.172,12.3695,12.5435,12.5856,12.799
CMP-00353,LOT-03,0,normal,10.3984,10.5909,11.037,11.3824,4.124,4.124,4.2177,4.4033,12.1817,12.271,12.3748,12.8119
CMP-00354,LOT-04,0,normal,9.5015,9.5346,9.8889,10.3566,3.6769,3.7239,3.9211,4.0925,11.277,11.2922,11.7481,12.1006
CMP-00355,LOT-08,0,normal,10.7216,10.8967,10.544,10.7128,4.0642,4.0496,4.1449,4.2392,13.1046,13.3318,13.5273,13.6829
CMP-00356,LOT-08,0,normal,11.1398,11.004,10.8883,10.9382,4.9102,4.992,5.1339,5.1178,12.6341,12.8137,13.2555,13.4153
CMP-00357,LOT-02,0,normal,11.9417,12.1442,12.3673,12.8188,5.1261,5.0258,5.0302,5.0917,12.796,12.861,13.4057,13.9893
CMP-00358,LOT-08,0,normal,11.9364,12.1445,12.1979,12.293,3.463,3.5559,3.4784,3.5322,13.2578,13.3942,13.5902,13.8995
CMP-00359,LOT-01,0,normal,8.6486,8.7737,8.7163,8.5251,3.927,3.9267,3.988,3.8599,12.412,12.4206,12.7923,12.594
CMP-00360,LOT-06,0,normal,10.4748,10.386,10.6563,11.0949,3.8475,3.9503,4.0283,4.1186,12.7491,12.6968,13.1052,13.4513
CMP-00361,LOT-07,0,normal,9.9749,10.3644,10.8304,10.8321,4.4464,4.4965,4.5564,4.6259,12.1039,12.3786,12.7343,12.8584
CMP-00362,LOT-08,0,normal,9.4664,9.7182,10.3609,10.7162,5.0179,5.0624,4.9937,4.9959,12.3758,12.5827,12.7292,13.1536
CMP-00363,LOT-02,0,normal,9.7054,9.6086,9.7997,10.3334,6.0043,5.9923,6.1649,6.1993,11.9188,12.0157,12.4254,12.8277
CMP-00364,LOT-08,0,normal,7.8077,8.0011,8.6206,9.3221,4.1053,4.1134,4.0882,4.1495,12.5487,12.6344,12.4351,12.4807
CMP-00365,LOT-01,0,normal,9.8449,10.0051,10.347,10.454,4.1951,4.2902,4.4561,4.8221,13.1393,13.3619,13.7258,14.1365
CMP-00366,LOT-05,0,normal,8.8611,8.8206,9.3455,9.376,4.5757,4.6795,4.7667,4.7841,11.7938,11.9107,12.4633,12.7562
CMP-00367,LOT-04,0,normal,10.2232,10.4294,10.9401,11.4825,3.6598,3.7544,3.8956,4.0748,12.2679,12.3785,12.5436,12.8
CMP-00368,LOT-03,0,normal,8.7528,8.658,8.7731,8.9296,3.9558,4.0209,4.2925,4.4607,10.7897,10.9043,11.0425,11.366
CMP-00369,LOT-01,0,normal,8.5629,8.5778,9.8651,11.0808,4.2839,4.1857,4.2449,4.2337,12.9815,13.0046,13.2236,13.2544
CMP-00370,LOT-07,0,normal,10.5561,10.7022,11.2218,11.3883,2.7124,2.7959,2.9661,2.9,12.1561,12.2345,12.3939,12.7583
CMP-00371,LOT-03,0,normal,9.8552,10.1307,10.5842,10.9098,4.096,4.1418,4.3814,4.4239,10.8881,11.166,11.3366,11.7567
CMP-00372,LOT-06,1,high_relative,14.802,16.7916,18.3429,19.5779,5.8349,6.8183,7.5711,8.168,17.8102,19.3238,21.171,22.2926
CMP-00373,LOT-04,0,normal,12.8833,13.185,14.0213,14.7897,4.7781,4.7653,4.9366,5.0442,12.5484,12.6399,12.9291,13.2005
CMP-00374,LOT-03,0,normal,9.9745,10.1883,10.8156,11.2873,4.0407,4.0626,4.0268,4.0674,13.0804,13.2257,13.4666,13.7948
CMP-00375,LOT-08,0,normal,10.1556,10.2079,10.2949,10.3767,3.6481,3.734,3.8641,3.9597,13.0862,13.2603,13.6414,13.8941
CMP-00376,LOT-01,0,normal,8.2818,8.6752,9.542,10.0262,4.2729,4.2496,4.2787,4.4181,11.9814,12.0493,12.4118,12.7235
CMP-00377,LOT-06,0,normal,8.5513,8.7158,8.895,9.1092,2.955,2.9653,3.1002,3.2025,12.1457,12.1833,12.2407,12.383
CMP-00378,LOT-06,0,normal,12.2563,12.3909,12.7416,13.118,3.4385,3.4825,3.6908,3.7906,13.2201,13.185,13.5701,14.2549
CMP-00379,LOT-04,0,normal,8.9332,8.8877,8.8514,8.8827,4.379,4.4293,4.596,4.7294,12.9433,13.2328,13.5351,14.1949
CMP-00380,LOT-03,0,normal,8.2418,8.3051,8.7964,9.3367,3.9212,4.0258,4.0453,4.1736,12.056,12.0677,12.3595,12.35
CMP-00381,LOT-01,0,normal,9.4881,9.8978,9.9726,9.9511,4.9183,5.0054,5.0526,5.3253,13.9991,14.1773,14.6676,15.05
CMP-00382,LOT-08,0,normal,9.4729,9.5986,9.8953,10.3385,3.2999,3.3547,3.6138,3.6681,12.522,12.6121,12.5454,12.6508
CMP-00383,LOT-08,0,normal,8.469,8.5773,8.9142,9.0483,4.2517,4.283,4.5676,4.8353,11.2354,11.4297,11.4982,11.8395
CMP-00384,LOT-02,0,normal,9.8494,10.0465,10.8777,11.8968,4.2829,4.2419,4.3404,4.4606,9.8246,9.9342,10.0926,10.0644
CMP-00385,LOT-01,0,normal,11.5615,11.6529,12.5832,13.2686,4.9298,5.0496,5.1132,5.1896,10.3812,10.5149,10.8522,11.2316
CMP-00386,LOT-01,0,normal,8.7214,8.8505,9.3125,9.346,4.7405,4.7933,5.1307,5.3186,11.5235,11.6575,12.2633,12.5194
CMP-00387,LOT-01,0,normal,8.0934,8.1143,8.1722,8.782,4.7496,4.7817,4.8731,4.8158,11.8368,11.8361,12.1223,12.1832
CMP-00388,LOT-07,1,high_relative,16.851,19.4192,21.7547,23.3751,6.9279,7.7786,8.3189,9.0478,16.345,17.8792,19.1921,20.3359
CMP-00389,LOT-08,0,normal,10.3213,10.6673,11.0845,11.7609,4.0975,4.2037,4.4972,4.612,12.5359,12.7519,13.3409,13.6775
CMP-00390,LOT-02,0,normal,9.4182,9.6299,9.7683,9.8898,5.168,5.2254,5.2661,5.4907,12.533,12.4332,12.7315,12.8075
CMP-00391,LOT-06,0,normal,8.2436,8.3981,8.5375,8.6681,3.5411,3.4747,3.5005,3.4955,12.51,12.5724,12.825,13.1376
CMP-00392,LOT-02,0,normal,9.2633,9.6635,10.1769,10.5094,3.9663,3.9357,4.0538,4.342,11.6352,11.7225,11.8412,12.407
CMP-00393,LOT-03,0,normal,,9.7367,9.846,10.1235,4.4164,4.5132,4.7377,4.9873,11.5857,11.5951,11.5548,11.586
CMP-00394,LOT-05,0,normal,11.3577,11.468,11.8643,12.0509,3.4855,3.5362,3.4956,3.4414,13.1824,13.0517,13.3049,13.6212
CMP-00395,LOT-06,0,normal,8.8723,9.0564,9.0184,8.8681,4.3797,4.4602,4.5553,4.8311,10.9259,10.896,11.5829,11.9737
CMP-00396,LOT-07,0,normal,10.1966,10.3742,10.9649,11.2291,4.194,4.1825,4.1996,4.1715,,13.1776,13.2629,13.5358
CMP-00397,LOT-01,0,normal,10.7416,11.0481,11.8926,12.608,5.0032,5.0203,5.1456,5.1088,11.8513,11.8573,12.2911,12.7834
CMP-00398,LOT-02,1,high_relative,10.839,12.5738,14.775,16.2217,6.3778,7.4341,8.3443,9.25,15.4673,16.9589,18.4544,19.5642
CMP-00399,LOT-03,0,normal,11.0653,11.2065,12.1018,12.6791,4.0393,4.0943,4.1199,4.2237,11.961,11.9727,12.2673,12.4325
CMP-00400,LOT-03,0,normal,8.1633,8.159,8.0206,8.2953,4.3196,4.4069,4.4788,4.5997,12.1164,12.2605,12.4935,12.611
CMP-00401,LOT-08,1,high_relative,14.2853,16.4894,18.617,19.9059,5.9214,6.8067,7.7155,8.3481,15.7698,17.3375,19.1265,20.2756
CMP-00402,LOT-07,0,normal,10.5433,10.5403,10.4921,10.4753,3.7165,3.8081,3.7307,3.7616,14.1935,14.2744,14.5154,14.8316
CMP-00403,LOT-03,0,normal,11.0615,11.3027,11.588,11.6631,4.3425,4.3498,4.4061,4.5127,12.0204,12.2238,12.4602,12.9796
CMP-00404,LOT-08,0,normal,10.3154,10.6994,11.085,11.6293,4.3365,4.3885,4.5295,4.5503,14.7264,14.6443,15.1838,15.7905
CMP-00405,LOT-04,0,normal,6.8671,7.2371,7.5609,7.5459,3.7884,3.8658,4.1924,4.4259,12.0653,12.0713,12.327,12.5943
CMP-00406,LOT-05,0,normal,8.811,8.9608,8.7638,8.8776,4.2746,4.2136,4.2131,4.3268,11.5302,11.6646,11.7168,11.8466
CMP-00407,LOT-04,0,normal,10.3365,10.1841,10.3575,10.2787,4.9008,4.8622,4.9603,5.1059,11.7406,11.7702,12.1425,12.648
CMP-00408,LOT-02,0,normal,9.9842,10.0944,10.0181,10.065,4.2908,4.2365,4.3024,4.3525,12.0922,12.2166,12.3426,12.6284
CMP-00409,LOT-08,0,normal,10.5354,10.3902,11.0619,11.3131,4.0732,4.1395,4.0866,4.1452,12.2162,12.2248,12.6421,12.9021
CMP-00410,LOT-01,0,normal,10.9318,10.985,12.0786,12.945,3.4091,3.4918,3.7455,3.923,,12.2634,12.4087,12.2761
CMP-00411,LOT-02,0,normal,11.2106,,12.1076,12.8596,4.467,4.452,4.6981,4.7814,11.5863,11.5822,12.1075,12.2683
CMP-00412,LOT-02,0,normal,10.0947,10.1512,9.7714,9.8635,4.8659,4.8461,4.9406,4.9715,11.9515,11.938,12.0169,12.1382
CMP-00413,LOT-03,0,normal,7.4765,7.5851,8.2276,8.8887,4.4633,4.5163,4.5359,4.7062,12.6124,12.571,12.6545,13.0246
CMP-00414,LOT-02,0,normal,9.6372,10.0909,10.5,11.0998,4.5084,4.5673,4.6601,4.7707,12.0661,11.9679,12.1206,12.3347
CMP-00415,LOT-01,0,normal,10.1333,10.3835,10.3922,10.4311,4.9347,4.9447,5.0084,5.0362,12.1185,12.1173,12.0883,12.1176
CMP-00416,LOT-06,0,normal,8.8476,9.1931,9.2673,9.4184,4.4531,4.5247,4.4749,4.4427,14.2145,14.1047,14.1056,14.5526
CMP-00417,LOT-08,0,normal,10.5566,10.7243,11.2681,12.2849,4.9249,5.0608,5.1183,5.1496,13.1107,13.1033,13.1253,12.9401
CMP-00418,LOT-01,0,normal,11.0197,11.157,11.607,12.1305,4.9805,5.0515,5.0798,5.0393,14.6537,14.6797,14.7263,14.7114
CMP-00419,LOT-03,1,accelerating_drift,9.8981,10.7972,18.5036,29.2933,4.8903,5.2883,8.4266,12.8215,12.077,13.1794,20.2097,29.8837
CMP-00420,LOT-05,0,normal,6.0011,6.1435,6.2352,6.9219,4.2602,4.2212,4.3748,4.5733,12.4966,12.6792,12.9612,13.2718
CMP-00421,LOT-08,0,normal,8.0584,7.9748,8.092,7.8899,3.6399,3.7105,3.9117,3.8796,11.9337,11.8866,11.9145,11.9646
CMP-00422,LOT-06,0,normal,12.8306,12.7695,13.0176,13.2378,4.4565,4.4464,4.5839,4.6604,13.8468,13.9609,14.2265,14.4184
CMP-00423,LOT-07,0,normal,9.4202,9.8355,10.2209,11.0383,4.5695,4.6449,4.7459,4.7758,12.0782,12.0924,12.1493,12.2938
CMP-00424,LOT-05,0,normal,7.1847,7.4948,7.7145,8.0236,5.0705,5.2794,5.5718,5.9804,12.0114,12.1432,12.4936,12.9103
CMP-00425,LOT-04,0,normal,11.8579,11.8692,12.0458,12.1021,4.6897,4.8955,5.0724,5.374,11.5965,11.6602,11.8467,11.9007
CMP-00426,LOT-02,0,normal,10.3275,10.4644,11.1643,11.5591,5.5674,5.6208,5.6502,5.6036,11.988,12.1973,12.1633,12.4815
CMP-00427,LOT-07,0,normal,11.5959,11.8372,12.3952,12.9293,4.5033,4.5425,4.535,4.505,12.5672,12.5429,12.8068,12.841
CMP-00428,LOT-07,0,normal,10.5197,10.7922,11.5648,12.1044,4.2052,4.2627,4.2678,4.2734,12.0356,12.1106,12.8077,13.3988
CMP-00429,LOT-01,0,normal,10.3621,10.6772,11.2416,11.7783,3.6381,3.7026,3.894,4.1816,11.7077,11.7138,12.0043,11.8928
CMP-00430,LOT-06,0,normal,10.7132,11.1286,11.5668,12.2896,4.2063,4.2615,4.3002,4.4482,13.9175,13.9423,14.3441,14.5734
CMP-00431,LOT-01,0,normal,10.615,10.9339,11.3168,11.7608,4.1071,4.079,4.3216,4.457,12.5823,12.7337,13.0053,13.2317
CMP-00432,LOT-06,0,normal,13.1299,13.58,13.6788,14.2196,4.1956,4.3505,4.604,4.776,11.2156,11.1467,11.2181,11.4554
CMP-00433,LOT-07,0,normal,11.4607,11.6703,11.994,12.123,4.2069,4.2446,4.33,4.4655,13.8654,13.7906,13.8276,13.8799
CMP-00434,LOT-02,0,normal,8.1925,8.2969,8.5345,8.8222,4.8028,4.8039,4.985,5.1007,10.8054,10.6614,10.9954,10.9425
CMP-00435,LOT-04,0,normal,10.7866,10.7665,10.5646,10.66,3.9928,4.0798,4.1457,4.2559,12.5639,12.6375,12.8695,13.3545
CMP-00436,LOT-01,0,normal,11.3356,11.4791,11.1307,11.5499,4.9493,4.9093,4.8879,5.0632,12.5167,12.5637,12.7465,13.1712
CMP-00437,LOT-05,0,normal,11.4515,11.6906,11.7995,11.8535,2.798,2.8024,3.0082,3.29,12.2011,12.4397,12.6155,12.7742
CMP-00438,LOT-08,0,normal,9.063,9.3652,9.5439,9.9889,4.5819,4.5262,4.4829,4.5569,14.5256,14.5554,14.9771,15.337
CMP-00439,LOT-01,0,normal,11.3284,11.5763,12.315,13.0614,5.0164,5.0853,5.3179,5.6263,11.2323,11.0965,11.286,11.325
CMP-00440,LOT-04,0,normal,11.3441,11.3822,11.823,11.8375,5.0369,5.0683,5.1478,5.2406,12.5227,12.5345,12.6728,12.8358
CMP-00441,LOT-08,0,normal,13.0946,13.2778,13.647,14.366,4.806,4.802,4.9,5.0107,13.9412,13.9315,13.95,14.01
CMP-00442,LOT-03,0,normal,8.7246,9.0955,9.5263,10.0945,5.0068,4.9983,4.9901,4.9426,11.5342,11.52,11.8958,11.9693
CMP-00443,LOT-02,0,normal,9.7395,9.7573,9.9166,10.0886,4.6139,4.6395,4.7018,4.7464,10.8333,10.9732,11.2628,11.4297
CMP-00444,LOT-04,0,normal,9.708,9.9046,10.3637,10.7197,4.0563,4.0779,4.0867,4.3035,11.4728,11.6479,11.9692,12.4477
CMP-00445,LOT-05,1,accelerating_drift,9.2987,10.0011,15.3058,22.6907,4.5202,5.2235,9.4576,15.6133,11.8882,12.4732,16.0333,20.9346
CMP-00446,LOT-06,0,normal,9.1042,9.3398,9.8863,10.6286,4.1395,4.0751,4.1929,4.1882,10.9974,10.9905,11.3145,11.3606
CMP-00447,LOT-03,0,normal,5.9517,6.2579,6.8109,7.2922,3.613,3.6543,3.7599,3.6916,12.5553,12.5299,12.7632,12.9441
CMP-00448,LOT-08,0,normal,9.1445,9.1332,9.2397,9.1624,4.1333,4.0821,4.3255,4.4703,11.4122,11.2793,11.4205,11.8754
CMP-00449,LOT-05,0,normal,10.41,10.6225,10.7684,10.9364,3.6193,3.81,3.8968,4.1496,12.979,13.0103,13.6758,14.002
CMP-00450,LOT-03,0,normal,9.1193,9.2978,10.0678,10.9164,4.3516,4.2997,4.323,4.4521,12.5997,12.6832,12.8525,13.1348
CMP-00451,LOT-08,0,normal,12.2396,12.2849,12.5641,12.561,4.3533,4.3835,4.422,4.4994,14.7136,14.4649,14.3737,14.6104
CMP-00452,LOT-08,0,normal,9.6708,9.7574,10.2985,10.76,4.1926,4.1455,4.3413,4.3362,13.2575,13.3546,13.6542,13.6993
CMP-00453,LOT-04,0,normal,11.7102,12.0017,12.4447,12.7541,3.7292,3.7658,3.9304,4.1932,11.5003,11.497,11.5104,11.466
CMP-00454,LOT-01,0,normal,10.2151,10.2978,10.23,10.166,4.6938,4.6926,4.7949,4.8158,11.3483,11.2151,11.2122,11.1365
CMP-00455,LOT-05,0,normal,10.9769,11.2411,11.4044,11.779,4.6977,4.732,4.8241,4.8401,11.8837,12.0278,12.2566,12.8918
CMP-00456,LOT-05,0,normal,10.1758,10.2466,10.3416,10.2433,3.6853,3.738,3.6648,3.8316,11.7959,11.6028,11.6742,11.497
CMP-00457,LOT-02,0,normal,12.1813,12.1721,12.3594,12.4568,3.7871,3.8034,3.7532,3.8298,12.8352,12.8173,13.0489,13.42
CMP-00458,LOT-06,0,normal,10.2982,10.5629,11.1972,11.6647,4.6241,4.6308,4.8774,4.9662,11.6062,11.6811,11.7562,12.057
CMP-00459,LOT-07,0,normal,10.808,11.0427,11.2089,11.6911,3.4301,3.4283,3.6286,3.6711,14.8737,14.8029,14.9169,15.1592
CMP-00460,LOT-01,0,normal,10.4502,10.3986,10.555,10.8299,4.7089,4.8262,4.989,5.1515,13.2818,13.4708,13.5873,13.8528
CMP-00461,LOT-06,0,normal,10.0101,10.0756,10.509,10.9677,4.9202,5.0727,5.2399,5.3815,12.2057,12.2425,12.3018,12.4206
CMP-00462,LOT-02,0,normal,10.7948,10.931,11.0556,11.1312,5.397,5.451,5.7813,6.0501,13.3838,13.503,13.9174,14.1928
CMP-00463,LOT-06,0,normal,13.2367,13.3517,13.5576,14.1624,4.5864,4.4918,4.628,4.7749,11.5911,11.6883,11.8383,11.9793
CMP-00464,LOT-04,0,normal,9.7678,9.8842,10.2265,10.9383,4.4819,4.4666,4.4995,4.5961,12.0156,12.091,12.2691,12.3943
CMP-00465,LOT-01,0,normal,10.1205,10.3729,10.5454,10.6474,5.526,5.655,5.6366,5.6948,10.7302,10.7468,10.9759,11.0576
CMP-00466,LOT-08,0,normal,11.2378,11.5862,11.739,12.0001,3.0872,3.0976,3.3979,3.485,14.6447,14.6388,14.9386,15.1253
CMP-00467,LOT-02,0,normal,11.7786,12.1129,11.8565,11.9955,4.2828,4.3171,4.3998,4.5061,9.9882,10.1593,10.2482,10.8422
CMP-00468,LOT-05,0,normal,9.8466,9.7619,9.9198,9.9699,4.7689,4.794,4.9435,5.0926,10.3798,10.2929,10.3755,10.27
CMP-00469,LOT-02,1,accelerating_drift,7.225,7.6719,11.9583,17.914,4.299,5.0509,9.7489,16.8024,10.8082,11.9014,17.6873,25.8811
CMP-00470,LOT-08,0,normal,10.4597,10.5104,11.403,12.156,5.0403,5.1185,5.2413,5.361,13.917,13.9019,14.1461,13.9375
CMP-00471,LOT-06,0,normal,7.3912,7.5434,7.9068,8.3216,4.0797,4.0538,4.1887,4.4032,13.3733,13.3655,13.713,13.6835
CMP-00472,LOT-07,0,normal,12.0309,12.2142,12.0342,12.1592,4.1765,4.239,4.3929,4.46,12.9859,12.9645,13.1076,13.4382
CMP-00473,LOT-04,0,normal,10.3551,10.383,10.2362,10.2212,3.9234,3.8715,3.8635,4.027,12.8259,12.9463,12.8446,13.2027
CMP-00474,LOT-04,0,normal,11.3751,11.5068,11.6833,12.1179,3.7392,3.8182,4.0562,4.3266,11.5965,11.7565,11.9738,12.4359
CMP-00475,LOT-06,0,normal,9.1189,9.4304,10.1187,10.6941,3.7432,3.8658,4.1073,4.46,12.8486,12.9202,13.3488,13.4717
CMP-00476,LOT-07,0,normal,8.1714,8.2087,8.5274,9.0469,4.3407,4.2543,4.3158,4.3703,14.3273,14.5503,14.5415,14.8155
CMP-00477,LOT-07,0,normal,10.7592,10.7529,11.4189,12.4069,3.6628,3.7217,3.9327,4.1521,12.4152,12.5972,12.6079,12.8381
CMP-00478,LOT-01,0,normal,9.5774,9.9092,10.2514,10.9097,4.9048,4.9488,5.0105,5.0344,11.3805,11.39,11.2991,11.7241
CMP-00479,LOT-06,0,normal,9.6315,9.654,10.191,10.8273,4.4173,4.5064,4.6688,4.8473,12.8891,12.8807,12.9126,12.9622
CMP-00480,LOT-01,0,normal,9.9348,9.8222,10.2259,9.9237,5.0892,5.011,5.1021,5.0465,12.7594,12.7574,12.8472,13.1677
CMP-00481,LOT-03,0,normal,13.2347,13.3827,13.9604,14.7649,3.4039,3.4623,3.5413,3.5743,12.1966,12.4108,12.6853,13.0216
CMP-00482,LOT-07,0,normal,11.383,11.4392,11.4918,11.735,3.1306,3.1881,3.2835,3.1695,,13.7431,13.8386,13.9366
CMP-00483,LOT-03,0,normal,11.1465,11.2752,12.1698,12.1152,4.0264,4.0862,4.1578,4.1885,11.8326,11.9014,12.0223,12.3312
CMP-00484,LOT-07,0,normal,11.309,11.3906,11.4335,11.6406,5.7602,5.9072,6.0002,6.2359,12.8652,12.8622,12.9779,13.119
CMP-00485,LOT-04,0,normal,12.0039,11.9626,12.3205,12.9715,4.7553,4.7734,4.7849,4.6677,12.2129,12.3193,12.8788,13.2534
CMP-00486,LOT-02,0,normal,10.0436,10.0394,10.6707,10.9582,4.285,4.2111,4.3443,4.4193,11.9808,11.9931,12.144,12.307
CMP-00487,LOT-03,0,normal,7.0274,7.1826,7.2562,7.4404,4.3388,4.2843,4.3955,4.4568,13.7723,13.642,13.8659,14.0706
CMP-00488,LOT-05,0,normal,9.6115,9.4833,10.2634,10.4835,4.7166,4.6733,5.0195,5.3324,11.9391,12.094,12.2454,12.2321
CMP-00489,LOT-07,0,normal,11.2543,11.4609,11.5287,11.5191,3.3614,3.4881,3.5816,3.7054,12.5247,12.475,12.6312,12.9654
CMP-00490,LOT-05,0,normal,8.626,8.4595,8.6868,8.9662,5.1251,5.097,5.1267,5.0321,12.2162,12.2521,12.3931,12.6738
CMP-00491,LOT-08,0,normal,9.5244,9.788,10.643,10.9908,4.2624,4.2767,4.4324,4.4552,13.645,13.7073,13.6694,13.9478
CMP-00492,LOT-07,0,normal,9.2049,9.4272,10.1694,10.7324,4.0731,4.1203,4.3926,4.6475,13.5464,13.6366,13.8641,14.3494
CMP-00493,LOT-07,0,normal,12.0732,12.2938,12.3735,12.2159,4.1453,4.1704,4.3512,4.4873,13.5183,13.5417,13.8483,14.071
CMP-00494,LOT-05,0,normal,10.679,11.3006,11.4908,11.6999,4.8905,4.9666,4.9326,5.1161,10.1602,,10.5212,11.1934
CMP-00495,LOT-03,0,normal,10.6339,10.3588,10.6024,10.7601,3.6179,3.6604,3.7897,3.7889,9.6338,9.6137,9.6994,10.0839
CMP-00496,LOT-04,0,normal,10.9361,10.9809,10.9842,10.8684,,3.1476,3.1612,3.2379,13.0295,13.2723,13.4585,13.7717
CMP-00497,LOT-01,0,normal,9.8226,9.796,10.6978,11.2562,4.6077,4.6036,4.7017,4.7093,12.5853,12.5095,12.7664,13.1601
CMP-00498,LOT-03,0,normal,9.8348,10.0064,9.9805,9.7942,2.9122,2.9669,2.9539,2.9985,11.936,12.2036,12.7327,13.1047
CMP-00499,LOT-08,0,normal,8.3069,8.3093,9.0933,9.3373,4.1543,4.2348,4.2423,4.195,13.4147,13.4036,13.7626,13.9297
CMP-00500,LOT-04,0,normal,7.2075,7.3472,7.6484,7.4435,4.6197,4.7916,5.0622,5.2802,13.7677,13.7839,13.9498,14.1786
CMP-00501,LOT-01,1,high_relative,15.5964,18.0959,20.4583,21.8833,6.6394,7.439,8.2232,8.8392,17.171,18.8124,20.3824,21.4715
CMP-00502,LOT-06,0,normal,10.8047,10.9382,11.2975,11.9165,4.6562,4.6356,4.8669,4.8996,13.356,13.5101,13.6388,13.5241
CMP-00503,LOT-08,0,normal,11.1674,11.2682,11.8803,12.6004,4.6886,4.735,4.8857,4.9517,11.875,11.8202,12.0845,12.459
CMP-00504,LOT-07,0,normal,12.2092,12.3963,12.1805,12.3881,5.456,5.6183,5.7718,6.2867,11.9951,11.9459,12.4627,12.6507
CMP-00505,LOT-03,0,normal,11.7654,11.8742,12.3983,12.7925,3.7426,3.8412,3.9507,3.9885,9.6232,9.7498,9.7512,10.0738
CMP-00506,LOT-04,0,normal,9.0678,8.7783,9.261,9.5158,4.3012,4.3084,4.5654,4.6799,12.3715,12.5054,12.7045,12.9903
CMP-00507,LOT-05,0,normal,9.4333,9.5609,9.3576,9.5235,4.0382,4.0619,4.1223,4.1825,12.7723,12.8006,13.1201,13.3427
CMP-00508,LOT-02,0,normal,11.0715,10.9985,11.2833,11.4139,5.0319,4.9766,5.0953,5.2333,12.6725,12.9416,13.2755,13.4043
CMP-00509,LOT-03,0,normal,13.1093,13.4137,13.9165,14.6318,4.0542,4.0892,4.0857,4.2819,12.8941,12.5636,12.8708,12.9117
CMP-00510,LOT-02,0,normal,12.2585,12.6008,13.3426,14.022,5.4177,5.4387,5.6209,5.5686,11.5134,11.5855,11.6094,11.7586
CMP-00511,LOT-08,0,normal,11.0504,11.2276,11.8767,12.2178,4.0762,4.2286,4.152,4.2876,12.2435,12.201,12.1485,12.1577
CMP-00512,LOT-06,0,normal,9.8981,9.7934,9.8211,9.7308,4.8525,4.8851,5.0383,5.2065,11.7385,11.6446,11.9056,12.0399
CMP-00513,LOT-07,0,normal,8.9317,9.2229,9.4819,10.1092,4.424,4.5741,4.5395,4.5458,12.5713,12.591,12.5819,12.893
CMP-00514,LOT-07,0,normal,11.3874,11.5679,12.1601,12.354,4.1369,4.1972,4.1941,4.417,11.7207,11.8675,11.8998,12.0179
CMP-00515,LOT-08,0,normal,8.2725,8.4625,8.9005,9.4748,4.6683,4.6812,4.8445,5.0238,14.2484,14.4903,14.423,14.3775
CMP-00516,LOT-01,1,accelerating_drift,9.2739,10.7044,18.298,29.0417,4.567,4.9276,7.5611,11.2884,10.6762,11.6677,18.7254,28.7261
CMP-00517,LOT-08,0,normal,9.505,9.6474,10.0197,10.4692,4.5188,4.6638,4.8574,5.0391,12.6065,12.38,12.6393,12.7354
CMP-00518,LOT-01,0,normal,11.9553,11.9799,12.1954,12.7055,4.2886,4.317,4.4216,4.5425,10.0128,10.3372,10.57,10.7874
CMP-00519,LOT-04,0,normal,9.6226,9.8086,9.9736,9.8847,3.696,3.7086,3.7687,3.9296,12.0965,12.2777,12.5967,12.8182
CMP-00520,LOT-05,0,normal,6.7578,6.6931,6.8535,6.8167,4.2049,4.1585,4.1032,4.0259,11.6137,11.7435,11.9758,12.1639
CMP-00521,LOT-03,0,normal,10.2865,10.4541,10.9298,11.0228,3.1747,3.1752,3.2233,3.2636,11.7621,11.8065,11.8782,12.2132
CMP-00522,LOT-02,0,normal,9.2734,9.4512,9.8352,10.1259,4.92,5.0114,5.1148,5.3625,10.7513,10.7078,10.6568,10.7747
CMP-00523,LOT-02,0,normal,10.3498,10.452,11.0262,11.4068,3.8403,3.8609,4.1395,4.5311,11.4888,11.702,11.7319,11.9194
CMP-00524,LOT-07,0,normal,10.1063,9.9671,10.112,10.3625,4.01,4.0778,4.2081,4.5253,12.1206,12.0943,12.4154,12.3566
CMP-00525,LOT-03,0,normal,9.3206,9.4372,9.9619,10.1938,4.4185,4.4832,4.6457,4.8895,12.0599,12.0134,12.2592,12.3919
CMP-00526,LOT-03,0,normal,10.8472,11.1745,11.9477,12.7752,4.4831,4.4368,4.5687,4.5471,14.1014,14.1178,14.4483,14.8582
CMP-00527,LOT-08,0,normal,7.6151,7.7759,8.0554,8.6134,3.3267,3.432,3.5598,3.6657,12.8339,12.9276,13.2643,13.3474
CMP-00528,LOT-02,0,normal,9.6573,9.7874,10.0184,10.1536,4.4385,4.5189,4.6906,5.0225,12.2464,12.3172,12.5914,13.0939
CMP-00529,LOT-08,0,normal,10.5806,10.459,11.1008,11.4254,4.6494,4.5787,4.6047,4.7124,12.1199,12.1263,12.4803,12.609
CMP-00530,LOT-08,0,normal,8.7452,,10.1212,10.9693,4.4084,4.4474,4.6448,4.8967,11.9607,11.8373,11.9462,12.1427
CMP-00531,LOT-05,0,normal,7.6523,7.7567,7.7006,7.7972,5.064,5.0928,5.3827,5.4745,11.6272,11.7028,12.1466,12.4675
CMP-00532,LOT-02,0,normal,,11.2387,11.7144,12.1895,4.0586,4.1736,4.1755,4.3874,14.1405,14.1895,14.4098,14.7614
CMP-00533,LOT-02,0,normal,11.9412,11.7978,11.7328,11.956,3.3909,3.4109,3.4735,3.5087,11.1396,11.429,11.621,11.6439
CMP-00534,LOT-03,0,normal,9.7023,9.6449,9.7572,10.1328,4.5172,4.547,4.5316,4.5312,12.4359,12.7368,12.974,13.4843
CMP-00535,LOT-05,0,normal,7.1577,7.1994,7.6183,7.9049,4.0033,4.0961,4.357,4.594,10.8781,10.9048,11.0889,11.5003
CMP-00536,LOT-02,0,normal,10.9356,11.5337,11.9957,12.6964,3.5383,3.5122,3.7294,3.8467,8.8344,8.9638,9.1571,9.4112
CMP-00537,LOT-04,0,normal,8.0141,8.2399,9.1407,9.7992,4.0086,4.015,4.1814,4.1681,11.1127,11.117,11.1463,11.4652
CMP-00538,LOT-01,0,normal,10.2177,10.335,10.6702,11.0435,5.0842,5.0758,5.1975,5.2234,14.4732,14.5639,14.9223,15.3271
CMP-00539,LOT-05,1,high_relative,14.4262,16.8392,19.0724,20.9288,5.3195,6.1154,6.9014,7.4207,15.8487,17.6621,19.1838,20.4144
CMP-00540,LOT-01,0,normal,8.2371,8.5096,9.804,10.6124,5.6907,5.6842,5.8786,5.9779,13.7056,13.6912,14.022,14.2704
CMP-00541,LOT-06,0,normal,9.7632,9.8081,9.885,10.0255,3.6108,3.6697,3.8532,3.9835,12.0262,12.1204,12.5402,12.6539
CMP-00542,LOT-01,0,normal,9.6637,9.7848,9.7296,9.9421,4.433,4.5508,4.7561,4.8606,9.6539,9.6797,10.1286,10.4755
CMP-00543,LOT-02,0,normal,9.4227,9.4832,9.3461,9.3094,3.8398,3.8836,3.9509,3.9114,10.5313,10.6097,10.7746,11.1696
CMP-00544,LOT-02,0,normal,11.0275,11.1618,12.0829,12.7802,4.5057,4.5904,4.6392,4.473,11.9326,12.1015,12.4936,12.9262
CMP-00545,LOT-07,0,normal,9.6386,9.8471,10.4903,10.8945,4.0691,4.1843,4.2882,4.3937,13.0521,13.0596,13.2832,13.7972
CMP-00546,LOT-01,0,normal,11.1487,11.4222,12.4974,13.5522,3.5523,3.4986,3.5499,3.5769,11.9612,12.1449,12.3323,12.5893
CMP-00547,LOT-04,0,normal,10.4695,10.5548,10.5331,10.4179,5.5871,5.5605,5.7312,5.7449,11.2438,11.3063,11.3102,11.56
CMP-00548,LOT-05,0,normal,9.0456,9.252,9.9094,10.694,4.0593,3.9837,4.157,4.1755,12.6441,12.6852,13.2162,13.6478
CMP-00549,LOT-05,0,normal,8.696,8.5505,9.0882,9.4814,4.0291,4.1134,4.3321,4.3467,11.095,11.1464,11.2996,11.2127
CMP-00550,LOT-06,0,normal,8.0432,8.3905,8.7631,9.478,4.5357,4.6776,4.938,5.2345,12.6891,12.8994,13.1188,13.4231
CMP-00551,LOT-07,0,normal,10.774,10.4966,10.7437,10.6089,5.1689,5.126,5.1735,5.1141,13.0276,12.886,12.9467,12.9749
CMP-00552,LOT-04,0,normal,9.5892,9.743,10.6807,11.0788,4.6529,4.7408,5.0208,5.3424,11.4538,11.5291,11.7251,11.9373
CMP-00553,LOT-07,0,normal,7.0806,7.2855,7.738,8.4687,3.4494,3.5327,3.6299,3.73,11.7763,11.9185,12.0657,12.2893
CMP-00554,LOT-03,0,normal,9.0057,9.1439,9.3853,9.6457,4.1986,4.1537,4.3423,4.5141,11.7252,11.6869,11.9853,12.3719
CMP-00555,LOT-08,0,normal,8.5199,8.5122,9.1107,9.7257,3.2801,3.2822,3.3575,3.4221,14.5251,14.62,14.923,15.2023
CMP-00556,LOT-05,1,unstable,11.877,14.906,14.2565,22.3127,4.8454,6.7184,5.2953,10.2886,12.6691,13.2991,15.8907,21.2955
CMP-00557,LOT-06,1,high_relative,13.7932,16.5015,18.6427,20.1943,5.3488,6.424,7.3144,8.0904,17.0993,19.0859,20.6848,21.8117
CMP-00558,LOT-08,1,accelerating_drift,7.8078,8.7083,14.7798,23.4987,3.8396,4.3644,7.3489,11.6277,11.9567,12.6627,18.2249,26.4879
CMP-00559,LOT-07,0,normal,11.6751,11.5748,11.5487,11.7474,4.1534,4.114,4.154,4.1775,11.2615,11.4109,11.4091,11.4361
CMP-00560,LOT-07,0,normal,11.7654,12.0635,12.5234,13.1902,4.3774,4.3428,4.6412,4.6322,13.7688,13.88,13.8816,14.087
CMP-00561,LOT-05,1,high_relative,13.6634,15.8919,17.9135,20.1059,5.7774,6.6408,7.3578,8.0501,16.7056,18.5956,20.5747,21.9369
CMP-00562,LOT-01,0,normal,8.9899,8.885,9.0749,9.18,5.209,5.2364,5.371,5.4044,12.2006,12.3067,12.229,12.7116
CMP-00563,LOT-04,0,normal,10.9592,11.1393,11.4142,11.9502,4.4216,4.4491,4.7107,4.8314,11.389,11.4462,11.9105,12.0789
CMP-00564,LOT-02,0,normal,7.1503,7.3301,7.4562,7.8263,4.8382,4.8549,5.1411,5.4242,10.194,10.1953,10.4682,11.0704
CMP-00565,LOT-08,0,normal,7.2228,7.3838,7.8511,8.197,3.6211,3.6509,3.8717,3.7441,13.6912,13.4444,13.5758,13.9514
CMP-00566,LOT-02,0,normal,9.8748,9.8056,10.0714,10.1359,5.4859,5.4793,5.7678,6.0355,12.8745,12.9252,12.9952,13.1349
CMP-00567,LOT-02,0,normal,12.4495,12.3127,12.4274,12.4254,4.0512,4.0881,4.182,4.2715,10.9984,11.0962,11.1348,11.3848
CMP-00568,LOT-02,0,normal,9.6812,9.9911,10.5013,11.2741,5.4297,5.4456,5.6994,5.7841,10.8535,10.7616,11.0274,11.3281
CMP-00569,LOT-06,0,normal,10.506,10.3969,10.7052,11.0588,5.1488,5.2388,5.3326,5.5362,13.6534,13.7597,14.3092,14.6323
CMP-00570,LOT-05,0,normal,11.2785,11.6763,12.5115,13.4401,4.6209,4.6191,4.6644,4.8873,11.0091,11.0183,10.942,10.8403
CMP-00571,LOT-08,0,normal,12.3829,12.5332,12.6795,13.1335,4.8863,5.0277,4.9,5.0073,14.4898,14.4351,14.482,14.5706
CMP-00572,LOT-04,0,normal,9.333,9.2998,9.4463,9.4218,2.3383,2.2936,2.3946,2.5481,11.6176,11.7097,11.7045,11.9122
CMP-00573,LOT-03,0,normal,9.803,9.9831,10.4327,11.4148,3.9214,3.9505,3.8556,4.0712,11.6522,11.8366,12.2152,12.6008
CMP-00574,LOT-01,0,normal,12.0217,12.1361,12.9264,13.4514,4.9879,5.0981,5.3217,5.6305,11.9521,12.1251,12.0496,12.3582
CMP-00575,LOT-01,0,normal,7.7264,8.0457,8.47,9.0173,4.8679,4.9497,5.2337,5.4309,11.6368,11.6048,11.8434,12.0317
CMP-00576,LOT-03,0,normal,10.8667,11.4117,12.0084,12.5449,3.3564,3.4447,3.6804,3.808,13.2247,13.2333,13.2086,13.3165
CMP-00577,LOT-08,0,normal,8.2624,8.5347,8.3645,8.5002,4.2075,4.268,4.3546,4.4024,13.52,13.5416,13.8995,13.9414
CMP-00578,LOT-05,0,normal,9.9232,10.1187,10.2536,10.5602,2.9233,2.9252,2.9708,2.9487,12.8004,12.8258,13.0827,13.4481
CMP-00579,LOT-08,0,normal,9.2228,9.42,9.7321,9.9682,4.5656,4.6699,4.6203,4.6209,12.7913,12.8187,13.144,13.5125
CMP-00580,LOT-01,0,normal,8.5128,8.5178,8.7153,8.6942,3.3626,3.3685,3.7773,4.0318,11.5023,11.5872,11.9252,11.9413
CMP-00581,LOT-01,0,normal,8.3637,8.5882,9.023,9.1428,5.0579,5.0051,5.1562,5.0572,12.0525,11.9551,12.0241,11.8077
CMP-00582,LOT-07,0,normal,10.4829,10.8527,11.4775,11.9962,4.7348,4.8595,4.8182,4.6549,12.3987,12.4605,12.6077,12.9182
CMP-00583,LOT-01,1,accelerating_drift,11.2285,12.0467,18.9934,28.3836,4.1408,4.575,7.104,10.6597,13.4179,14.5542,21.9788,32.6083
CMP-00584,LOT-01,0,normal,9.6931,9.73,9.6228,9.6444,4.652,4.7901,4.9435,5.2001,13.0255,13.0428,13.1476,13.3751
CMP-00585,LOT-04,0,normal,10.2134,10.4038,10.3238,10.0635,3.8688,4.0438,4.2962,4.4467,11.6686,11.8249,12.2993,12.5377
CMP-00586,LOT-08,0,normal,10.3364,10.6775,11.3417,12.3984,4.5118,4.4888,4.8527,4.7863,11.7396,11.7087,12.2195,12.6253
CMP-00587,LOT-06,0,normal,8.9029,8.9993,9.4408,9.8511,3.4281,3.5524,3.7473,3.8948,13.9943,13.8815,14.0805,14.3489
CMP-00588,LOT-01,0,normal,10.683,10.6897,10.6505,11.0591,4.6975,4.8256,4.8653,4.9971,12.1829,12.2266,12.628,12.8723
CMP-00589,LOT-07,0,normal,11.2774,11.4265,11.4301,11.8647,3.2966,3.2185,3.2377,3.2095,12.6515,12.7168,12.8456,13.1494
CMP-00590,LOT-07,0,normal,13.6799,13.5951,13.655,13.7043,3.1773,3.2868,3.2684,3.4215,14.3282,14.4185,14.8075,15.1412
CMP-00591,LOT-07,0,normal,9.8094,10.0451,10.5055,11.5436,4.0068,4.1432,4.2792,4.5379,12.174,12.3545,12.961,13.3262
CMP-00592,LOT-08,0,normal,9.147,9.096,9.3722,9.5956,4.1958,4.1944,4.4127,4.5067,12.3882,12.3625,12.3657,12.4631
CMP-00593,LOT-02,0,normal,11.2335,11.6086,12.3148,12.7127,4.6749,4.6985,4.7889,4.9261,11.4019,11.4478,11.7535,12.2597
CMP-00594,LOT-08,0,normal,10.7522,10.8356,11.0957,11.7274,4.0005,3.9901,4.0937,4.1323,11.4116,11.5563,11.9443,12.1781
CMP-00595,LOT-03,0,normal,8.9832,9.1745,9.8331,10.7887,5.146,5.1433,5.1351,5.0803,12.358,12.4879,12.4611,12.4602
CMP-00596,LOT-07,0,normal,9.6738,9.7737,10.1197,10.4679,4.2604,4.3481,4.55,4.8842,12.0611,12.0001,12.2615,12.3691
CMP-00597,LOT-05,0,normal,10.7526,10.6288,11.1669,11.674,4.4488,4.5027,4.7727,5.1239,10.992,11.1243,11.1716,11.3482
CMP-00598,LOT-07,0,normal,8.98,9.4988,9.7887,10.3635,4.2174,4.3545,4.3729,4.4834,12.0248,12.1413,12.2292,12.5646
CMP-00599,LOT-06,0,normal,9.7508,9.9186,10.4073,10.8255,4.6506,4.7144,4.7989,4.8954,11.837,11.9429,12.2459,12.3431
CMP-00600,LOT-06,0,normal,10.5326,10.6144,10.9044,11.3725,4.3478,4.3706,4.5159,4.4814,11.5161,11.7905,11.7179,12.0896
CMP-00601,LOT-05,0,normal,11.0251,11.18,11.6473,11.7742,4.6026,4.6006,4.8663,4.8495,11.8818,12.0122,12.3486,12.6222
CMP-00602,LOT-07,0,normal,9.3716,9.6078,10.4663,11.3131,4.5693,4.661,4.9408,5.0978,12.6193,12.6912,12.769,12.7367
CMP-00603,LOT-06,0,normal,7.8626,7.8969,8.1078,7.8229,3.0448,3.0615,3.0824,3.0385,12.3636,12.4298,12.5898,12.745
CMP-00604,LOT-02,0,normal,7.789,8.0128,8.0743,8.5362,3.5505,3.5551,3.6501,3.8907,13.9202,14.0043,14.4846,14.6797
CMP-00605,LOT-07,1,accelerating_drift,8.4337,9.5055,16.1032,25.3548,4.1928,4.5177,7.2245,11.061,12.4815,12.974,16.5502,21.2175
CMP-00606,LOT-05,1,accelerating_drift,8.2109,8.7323,13.0902,18.7777,4.1921,4.6864,8.2429,13.4112,12.4028,13.2954,20.4683,30.8771
CMP-00607,LOT-03,0,normal,9.5677,9.577,9.8574,9.7096,4.3912,4.3615,4.7833,4.9007,12.8263,12.9587,13.1952,13.4712
CMP-00608,LOT-05,0,normal,8.3645,8.493,8.7744,9.1678,4.3036,4.4247,4.62,4.9271,11.6009,11.5366,11.9458,12.3729
CMP-00609,LOT-08,0,normal,8.6924,9.0111,9.1551,9.4264,4.692,4.6362,4.8247,4.9235,12.97,13.0374,13.2038,13.519
CMP-00610,LOT-07,0,normal,9.2177,9.2443,9.2587,9.2915,3.4052,3.4778,3.6419,3.8054,12.8224,12.8489,12.8953,13.017
CMP-00611,LOT-07,0,normal,9.5617,9.8031,9.9686,10.2158,4.1424,4.1079,4.2956,4.377,13.0304,13.1169,13.4386,13.5216
CMP-00612,LOT-04,0,normal,11.7942,11.8944,11.8959,11.6671,3.2928,3.2411,3.395,3.3099,11.1187,11.2934,12.0669,12.364
CMP-00613,LOT-07,0,normal,11.2727,10.9646,11.2927,11.0788,4.4303,4.4224,4.5864,4.6842,12.3569,12.3525,12.4081,12.6534
CMP-00614,LOT-04,0,normal,10.1349,10.1417,10.6175,10.9657,2.9265,3.0418,3.214,3.4708,11.9188,11.9062,12.1833,12.232
CMP-00615,LOT-06,0,normal,9.5984,9.7439,10.3435,10.7609,4.2608,4.3033,4.478,4.5087,10.4668,10.64,11.0727,11.3342
CMP-00616,LOT-06,0,normal,9.759,9.7596,10.4068,10.6996,3.3217,3.2286,3.2821,3.4047,13.9311,14.0076,14.2978,14.4633
CMP-00617,LOT-02,0,normal,10.604,10.9548,11.1594,11.8202,4.282,4.287,4.394,4.4465,13.5378,13.7834,13.7473,13.927
CMP-00618,LOT-03,0,normal,10.3584,10.4957,10.5209,10.6699,4.5368,4.5817,4.684,4.6028,12.1759,12.4393,12.6289,13.0321
CMP-00619,LOT-01,0,normal,8.5504,8.6529,8.5272,8.6728,4.4949,4.5366,4.5902,4.5582,12.7087,12.6822,12.7412,12.7565
CMP-00620,LOT-02,1,high_relative,14.2635,16.1353,18.6138,20.3974,5.8984,7.0755,8.0007,8.7446,15.8181,17.1568,18.3205,19.1836
CMP-00621,LOT-04,1,unstable,7.5494,10.1615,14.0138,11.2029,3.5886,6.2363,5.4549,8.4964,10.541,15.1619,12.1961,14.047
CMP-00622,LOT-04,0,normal,10.4331,10.4481,10.9697,11.7382,3.1787,3.2568,3.5096,3.6763,12.7376,12.8621,13.3153,13.5822
CMP-00623,LOT-02,0,normal,11.3393,11.5213,11.3261,11.3287,3.5321,3.5052,3.5618,3.7546,11.3025,11.1154,11.2054,11.39
CMP-00624,LOT-04,0,normal,9.6411,9.7039,10.2894,10.4707,4.098,4.0817,4.1246,4.1475,14.1758,14.244,14.4705,14.7746
CMP-00625,LOT-05,0,normal,12.176,12.1815,12.2562,12.4413,4.5871,4.6942,4.97,5.1552,11.4391,11.6738,12.0043,12.102
CMP-00626,LOT-02,0,normal,9.1801,9.091,9.7031,10.2176,4.7261,4.7439,4.8481,4.9124,12.655,12.6784,12.8013,13.2433
CMP-00627,LOT-03,0,normal,9.9336,10.1351,10.5721,10.7808,4.3652,4.3761,4.4588,4.5684,11.8375,12.054,12.4236,12.4689
CMP-00628,LOT-03,0,normal,,9.6074,9.8783,10.1858,4.0427,4.0784,4.2347,4.2667,14.1863,14.2043,14.6651,14.7775
CMP-00629,LOT-05,0,normal,9.7736,9.6291,9.5523,9.7448,4.1385,4.3275,4.3794,4.6394,11.1131,11.1736,11.452,11.6386
CMP-00630,LOT-03,1,accelerating_drift,9.5277,10.0672,14.317,20.1285,3.4201,4.1692,9.065,15.9481,13.2046,14.2906,21.8428,32.7034
CMP-00631,LOT-06,0,normal,10.4656,10.5206,10.3991,10.4292,3.8413,3.906,4.0799,4.3155,13.0445,,13.1672,13.206
CMP-00632,LOT-03,0,normal,10.9554,11.0167,11.5372,11.7226,3.3655,3.3072,3.4569,3.5131,12.5528,12.6902,12.5882,12.997
CMP-00633,LOT-04,0,normal,11.8807,12.4206,13.2186,14.2432,3.5688,3.6259,3.564,3.6407,12.0413,12.0288,12.386,12.5636
CMP-00634,LOT-04,0,normal,10.2096,10.2612,11.1267,11.4369,4.0541,4.2051,4.4784,4.7901,11.1471,11.408,11.7137,11.6707
CMP-00635,LOT-02,0,normal,11.4117,11.5471,12.2266,12.5527,4.4327,4.5313,4.6856,4.8885,9.0121,9.1043,9.5504,9.8238
CMP-00636,LOT-06,0,normal,9.26,9.3559,9.646,10.2846,5.6867,5.8445,5.9053,5.9357,13.3559,13.5489,13.9201,14.1735
CMP-00637,LOT-02,0,normal,11.1964,11.2641,11.2743,11.3584,3.7567,3.8215,4.0402,4.271,10.9992,11.2015,11.2213,11.4096
CMP-00638,LOT-03,0,normal,8.6417,8.6671,8.7626,8.81,3.9669,3.9905,4.1693,4.1302,13.2353,13.3314,13.3655,13.2064
CMP-00639,LOT-07,0,normal,11.5563,11.8984,12.4112,13.1125,3.3293,3.5122,3.5783,3.9337,13.0521,13.1948,13.248,13.3725
CMP-00640,LOT-08,0,normal,12.5508,12.6781,12.6711,12.6674,4.1265,4.26,4.392,4.7319,13.8639,13.8301,13.9339,13.903
CMP-00641,LOT-06,0,normal,10.203,10.2723,10.2365,10.4818,3.8734,3.8073,4.013,3.9497,13.3435,13.3197,13.2534,13.5793
CMP-00642,LOT-08,0,normal,6.9491,6.833,7.1268,7.6661,4.8716,,5.0677,5.2151,10.21,10.2215,10.5025,10.8544
CMP-00643,LOT-07,0,normal,9.5317,9.6008,9.5094,9.7041,3.943,3.9356,4.1518,4.2357,13.2817,13.3907,13.7113,13.868
CMP-00644,LOT-04,1,accelerating_drift,11.6661,12.6441,19.3427,29.1188,3.8878,4.6161,8.7988,14.6625,11.4155,12.1274,16.2653,21.8786
CMP-00645,LOT-07,0,normal,10.7457,10.9948,11.3188,11.578,3.8917,3.943,3.9981,4.0543,14.0442,13.9583,14.3886,14.548
CMP-00646,LOT-03,0,normal,10.0381,9.9732,10.0039,10.1328,3.2616,3.2862,3.6043,3.8693,12.7911,12.9263,13.1976,13.8767
CMP-00647,LOT-04,0,normal,11.4188,11.3869,11.4516,11.4891,3.7012,3.7176,3.7687,3.9309,12.4594,12.4807,12.7111,13.2108
CMP-00648,LOT-05,0,normal,10.5102,10.684,10.5639,10.4456,4.1048,4.1081,4.1403,4.1852,11.2733,11.4903,11.9312,12.4971
CMP-00649,LOT-08,0,normal,11.4599,11.4443,11.8476,12.1395,4.4129,4.4568,4.5719,4.6661,11.7888,11.7562,11.9198,12.1159
CMP-00650,LOT-07,0,normal,11.5243,11.5021,11.6554,11.9342,4.4764,4.5155,4.6701,4.6949,12.3534,12.4246,12.488,12.4548
CMP-00651,LOT-04,0,normal,12.1549,12.1368,12.4364,12.5961,3.8767,3.9667,4.0083,3.8687,10.0166,10.0154,10.0712,10.3009
CMP-00652,LOT-06,0,normal,10.6847,11.1634,11.175,11.6475,3.9939,4.0034,4.1375,4.3383,11.8131,12.0099,12.13,12.246
CMP-00653,LOT-02,0,normal,11.4311,11.687,11.7225,12.0493,3.5557,3.6203,3.7499,4.0448,10.1045,10.2517,10.2943,10.3756
CMP-00654,LOT-07,0,normal,9.8083,9.8161,10.0616,10.259,4.4122,4.5352,4.7036,4.8476,11.2769,11.3123,11.4603,11.5582
CMP-00655,LOT-05,0,normal,9.0113,9.1965,9.5473,9.9121,3.9176,4.0392,3.9581,4.1927,11.6912,11.8656,12.0474,12.4918
CMP-00656,LOT-05,0,normal,12.1281,12.2219,12.9121,13.1538,4.7676,4.7895,4.8636,4.8689,12.2846,12.1773,12.1085,12.3858
CMP-00657,LOT-07,0,normal,10.5297,10.5933,10.827,11.0272,4.856,4.9167,5.0032,5.0502,12.7894,12.7684,12.7429,12.697
CMP-00658,LOT-06,0,normal,11.2531,11.3877,11.7876,11.9953,4.0133,4.0368,4.1246,4.1094,11.9246,11.9482,12.0641,12.0204
CMP-00659,LOT-01,0,normal,10.0948,10.0495,10.0136,10.2573,3.815,3.9176,4.1485,4.3672,11.0842,11.0891,11.3924,11.3898
CMP-00660,LOT-03,0,normal,8.9549,9.1002,8.9973,8.783,4.0125,4.0866,4.2293,4.3862,11.8028,11.8034,11.8412,11.8888
CMP-00661,LOT-02,1,unstable,10.1579,13.4058,17.2779,17.934,4.7194,6.8525,6.7924,7.5525,10.9359,12.7087,16.899,16.1626
CMP-00662,LOT-06,0,normal,12.1679,12.2016,12.7078,13.144,3.8729,3.8955,3.9457,3.9753,12.4416,12.4757,12.8271,13.227
CMP-00663,LOT-01,0,normal,10.5724,10.6396,10.997,11.5377,4.1234,4.18,4.2463,4.3721,10.5439,10.6336,11.0017,11.3728
CMP-00664,LOT-02,0,normal,8.1645,8.1565,8.5357,8.9912,4.8257,4.8754,5.048,5.3014,12.2981,12.346,12.4516,12.3768
CMP-00665,LOT-05,0,normal,9.5533,9.8787,9.6889,10.2144,4.5493,4.5954,4.8666,5.1411,11.0575,11.1685,10.9712,11.1837
CMP-00666,LOT-06,0,normal,12.6981,12.8831,13.1434,13.6392,3.8869,3.969,4.2322,4.5149,12.9164,12.8358,12.9911,13.1585
CMP-00667,LOT-05,0,normal,9.6029,9.8635,10.4987,10.8853,3.3784,3.4168,3.649,3.7157,12.5878,12.6112,12.9639,13.2881
CMP-00668,LOT-07,0,normal,7.7559,8.0333,8.7058,9.1004,4.4127,4.4811,4.6185,4.7981,13.0292,13.1184,13.5922,13.8286
CMP-00669,LOT-08,0,normal,12.0174,12.2046,12.6444,12.9593,4.0194,3.9504,3.8424,4.014,13.5108,13.5376,13.6981,14.2075
CMP-00670,LOT-02,0,normal,11.2902,11.276,12.2656,12.7484,4.6059,4.6265,4.8821,4.9948,,9.8042,10.0183,10.4777
CMP-00671,LOT-08,0,normal,9.703,9.7881,10.1439,10.4125,4.4724,4.5174,4.494,4.4194,12.0404,12.3627,12.8845,13.3792
CMP-00672,LOT-05,0,normal,9.4103,9.5854,9.9553,10.8113,3.2713,3.3494,3.4007,3.5889,12.6934,12.763,12.9439,13.0232
CMP-00673,LOT-06,0,normal,11.849,11.961,12.0849,12.5482,4.1256,4.3132,4.5962,5.0573,12.978,13.0207,13.4987,13.8128
CMP-00674,LOT-01,0,normal,9.2166,9.2197,9.7323,10.0333,4.6786,4.7394,4.8175,5.0247,13.7207,13.7953,14.2634,14.3169
CMP-00675,LOT-05,0,normal,11.4187,11.3681,11.4655,11.6212,4.6267,4.6693,4.7992,4.7535,13.2357,13.4181,13.7477,14.1062
CMP-00676,LOT-06,0,normal,10.9277,11.1905,11.9532,12.2525,4.1575,4.2213,4.3381,4.5733,12.724,12.9058,13.277,13.5943
CMP-00677,LOT-05,0,normal,10.3394,10.6378,11.6161,12.8049,3.2107,3.2191,3.221,3.2765,11.4373,11.371,11.494,11.1826
CMP-00678,LOT-01,0,normal,10.063,9.9313,10.4831,10.4604,5.0695,5.118,5.1537,5.2334,11.0862,11.0025,11.1309,11.1793
CMP-00679,LOT-05,0,normal,9.6012,9.8107,10.0294,10.3696,4.5743,4.6246,4.9808,5.1842,11.2899,11.129,11.2297,11.2089
CMP-00680,LOT-08,0,normal,,11.0957,11.4121,11.3391,3.7107,3.7135,3.9815,4.2364,12.2774,12.3203,12.2684,12.2372
CMP-00681,LOT-06,0,normal,9.2042,9.1271,9.5742,9.5688,3.638,3.698,3.7864,3.9753,11.824,11.9582,12.3232,12.6766
CMP-00682,LOT-02,0,normal,8.0404,8.234,9.0509,10.1755,4.681,4.636,4.6797,4.7316,10.5842,10.8001,11.3079,11.9159
CMP-00683,LOT-08,0,normal,10.5476,10.5021,10.5533,10.8668,4.6719,4.7597,4.8058,4.9036,13.0546,13.1181,13.2818,13.5652
CMP-00684,LOT-08,0,normal,10.419,10.697,10.5879,10.9001,4.1493,4.1957,4.4967,4.7215,14.4261,14.6546,14.7969,15.2458
CMP-00685,LOT-02,0,normal,10.959,11.0881,10.7826,11.0405,4.9224,5.0535,5.1321,5.2581,12.58,12.7618,13.0716,13.5124
CMP-00686,LOT-07,0,normal,10.6988,10.8041,10.9167,10.7921,3.1704,3.1274,3.0799,3.1269,12.4555,12.6288,12.7373,13.2294
CMP-00687,LOT-04,0,normal,9.6645,9.8793,9.6657,9.6534,3.4327,3.5472,3.8971,4.1596,12.867,12.7684,12.912,13.4679
CMP-00688,LOT-05,0,normal,10.8186,11.04,11.5202,12.1118,3.1383,3.1836,3.3458,3.4993,12.0909,12.0505,12.2511,12.3907
CMP-00689,LOT-04,0,normal,10.0313,10.5035,11.5696,12.7997,3.5857,3.5469,3.6967,3.9561,11.7792,11.8235,12.1181,12.4444
CMP-00690,LOT-07,0,normal,9.7549,9.5999,9.6107,9.9047,5.0492,5.0206,5.1969,5.3268,12.752,12.8109,12.9457,13.4197
CMP-00691,LOT-08,0,normal,9.4058,,9.4289,9.2146,5.492,5.5418,5.6459,6.0059,12.4291,12.6534,12.8254,13.1768
CMP-00692,LOT-07,0,normal,12.8753,12.9595,13.5321,14.4136,4.2902,4.3589,4.5607,4.6915,13.4053,13.5274,13.7466,13.9574
CMP-00693,LOT-08,0,normal,7.4274,7.2556,7.5963,7.6262,4.0198,4.0546,4.1249,4.2172,12.7859,12.8239,13.2115,13.2246
CMP-00694,LOT-08,0,normal,10.4117,10.6808,11.2898,12.1256,4.3134,4.2039,4.2726,4.226,12.007,11.9021,11.9034,11.727
CMP-00695,LOT-01,0,normal,7.745,7.6487,8.0768,8.1525,4.5809,4.7596,4.8506,4.9706,11.1591,11.3916,11.75,11.9944
CMP-00696,LOT-03,0,normal,9.4919,9.5248,9.6966,9.848,3.206,3.3076,3.5165,3.7431,12.376,12.4628,12.5633,12.5812
CMP-00697,LOT-06,0,normal,9.735,9.7063,9.8115,10.2534,3.7372,3.7455,3.8116,3.8268,12.7418,12.9843,13.2229,13.5684
CMP-00698,LOT-05,0,normal,6.9875,7.3021,7.8349,8.4614,5.0077,5.1638,5.1485,5.1577,11.3834,11.4598,11.7706,12.0897
CMP-00699,LOT-01,0,normal,10.433,10.5764,10.6507,11.0328,3.8129,3.9114,4.1686,4.3925,10.9622,10.896,11.0982,11.0246
CMP-00700,LOT-01,0,normal,9.5189,9.5829,9.4043,9.5298,4.0611,4.0064,4.1507,4.0613,13.3217,13.3209,13.4497,13.4539
CMP-00701,LOT-05,0,normal,7.1421,7.0502,7.4596,7.6258,4.2912,4.3554,4.3532,4.5109,12.7504,12.9209,13.4222,13.9129
CMP-00702,LOT-05,0,normal,10.7619,10.9208,10.9134,11.0785,4.4954,4.4892,4.5558,4.6206,9.7263,9.7829,9.9039,10.2371
CMP-00703,LOT-02,0,normal,12.2218,12.2,12.5472,13.0878,4.2047,4.2151,4.3362,4.3427,12.9826,12.9489,13.0487,13.0594
CMP-00704,LOT-02,0,normal,12.1558,12.3342,12.316,12.1716,4.5441,4.5523,4.6369,4.657,11.4281,11.4919,11.8233,12.2595
CMP-00705,LOT-02,0,normal,10.7072,10.8488,10.9157,11.2771,4.8413,4.8432,5.0059,4.9255,11.8316,11.8125,11.7603,12.1594
CMP-00706,LOT-05,0,normal,9.9807,10.0307,10.5522,11.2546,5.322,5.3473,5.5195,5.6221,12.7472,12.7348,12.7614,12.8618
CMP-00707,LOT-01,0,normal,11.5748,11.6838,11.9984,12.3667,4.3049,4.3966,4.5648,4.6189,13.6455,13.6971,13.9418,14.2642
CMP-00708,LOT-05,0,normal,12.0065,12.1571,12.8048,13.1482,4.3214,4.3405,4.5668,4.7282,12.6627,12.7265,12.7798,12.8181
CMP-00709,LOT-04,1,unstable,11.5198,13.1075,17.6553,19.8559,4.8711,7.2101,8.5205,10.667,12.0322,13.1317,19.3334,17.6623
CMP-00710,LOT-04,0,normal,8.8927,9.1427,9.7236,10.2187,3.7408,3.826,4.0836,4.2924,10.3294,10.5329,10.6136,10.7025
CMP-00711,LOT-06,0,normal,10.5303,10.8175,11.2555,11.8777,3.3568,3.3997,3.539,3.8014,10.3307,,10.8449,11.1775
CMP-00712,LOT-05,0,normal,10.3342,10.3147,11.0442,11.4112,4.5313,4.5207,4.6007,4.6618,12.5492,12.6752,12.745,13.0096
CMP-00713,LOT-06,0,normal,7.923,8.1319,8.85,9.1184,4.6554,4.6984,4.7935,4.7583,13.8488,13.833,13.7415,13.7759
CMP-00714,LOT-07,1,high_relative,15.4789,17.9194,19.9766,21.5696,6.4882,7.4149,8.2729,8.9873,15.922,17.8823,19.5916,20.966
CMP-00715,LOT-08,1,high_relative,16.4183,18.342,19.834,20.8072,5.8774,6.6271,7.3454,7.9343,16.4543,18.0334,19.746,20.8695
CMP-00716,LOT-07,0,normal,10.9195,10.8685,11.1184,11.1094,3.4169,3.4806,3.5133,3.7411,12.1378,12.3727,12.6817,13.1283
CMP-00717,LOT-05,0,normal,11.8692,11.8851,12.1646,12.4687,4.23,4.3017,4.5264,4.7391,11.1022,11.2172,11.337,11.678
CMP-00718,LOT-04,1,high_relative,15.5404,18.2969,20.738,22.6341,6.8246,7.7961,8.6846,9.3406,15.8615,17.0732,18.736,19.7962
CMP-00719,LOT-02,0,normal,10.1651,10.5728,10.9847,11.3596,3.8083,3.8313,4.0129,4.2964,11.8871,11.9776,11.9632,12.1469
CMP-00720,LOT-05,0,normal,10.303,10.3893,10.2997,10.4587,4.18,4.2768,4.4479,4.7507,,11.6293,11.5702,11.7196
CMP-00721,LOT-02,0,normal,9.2538,9.1747,9.1528,9.0604,4.3362,4.3265,4.5421,4.792,14.3265,14.3932,14.4687,14.7927
CMP-00722,LOT-08,0,normal,8.4834,8.5757,8.7758,9.4176,3.9996,4.0007,4.0979,4.2699,11.2494,11.3605,11.4835,11.5058
CMP-00723,LOT-07,1,high_relative,16.7423,18.6469,20.749,22.6964,6.1722,6.9526,7.6792,8.217,16.7425,18.3148,20.0393,21.2283
CMP-00724,LOT-01,0,normal,11.5442,11.5036,11.5793,11.8345,4.62,4.6596,4.6051,4.7212,11.0478,10.9984,11.2392,11.5211
CMP-00725,LOT-07,0,normal,8.9811,9.0633,9.4477,9.6086,4.3547,4.3513,4.5181,4.4871,12.5423,12.6069,12.7498,12.6674
CMP-00726,LOT-01,0,normal,11.1012,11.1657,10.9915,11.1236,3.8653,3.8158,4.0391,4.0451,12.1781,12.26,12.2873,12.4828
CMP-00727,LOT-06,0,normal,10.037,10.0092,10.2229,10.0964,3.1733,3.2446,3.3247,3.5725,13.1796,13.3335,13.6697,14.1727
CMP-00728,LOT-01,0,normal,10.4397,10.4555,11.1195,11.6864,4.5391,4.4593,4.4256,4.5602,11.8523,11.7304,11.9407,12.2793
CMP-00729,LOT-04,0,normal,10.5726,11.0729,11.9147,12.5866,3.7135,3.8071,3.8869,3.9479,11.4634,11.4794,11.5936,11.8828
CMP-00730,LOT-06,0,normal,11.6366,11.4573,11.5797,11.7639,5.1373,5.1983,5.2905,5.3855,12.2587,12.3363,12.6753,13.1163
CMP-00731,LOT-06,0,normal,10.4488,10.5,10.7516,10.9448,5.1026,5.1199,5.1672,5.2251,11.3558,11.3267,11.5849,11.4083
CMP-00732,LOT-04,0,normal,11.9635,12.045,12.3624,12.5428,5.1785,5.2255,5.3599,5.3846,12.317,12.4301,12.4613,12.4504
CMP-00733,LOT-08,0,normal,10.0424,10.5211,10.9928,12.0513,3.8521,3.8778,4.0025,3.975,13.1459,12.9843,13.058,13.2526
CMP-00734,LOT-07,0,normal,11.1029,11.0539,11.2118,11.0662,4.4864,4.5424,4.5317,4.4265,13.2037,13.2025,13.4586,13.8106
CMP-00735,LOT-02,0,normal,9.0757,9.2512,9.2753,9.4678,5.0028,5.0001,5.1189,5.2364,11.4545,11.4021,11.7963,12.0582
CMP-00736,LOT-06,0,normal,13.1061,13.4399,14.0782,14.7139,4.4654,4.4472,4.6659,4.7842,12.3307,12.1737,12.14,12.2342
CMP-00737,LOT-06,0,normal,10.8653,10.8476,11.0703,11.3473,3.8993,3.8934,3.952,3.9146,13.7615,13.7592,14.0009,14.4076
CMP-00738,LOT-03,0,normal,10.5734,10.7788,11.3406,11.765,4.8289,4.854,4.9393,4.9768,13.1003,13.2307,13.5141,13.5036
CMP-00739,LOT-06,0,normal,8.2542,8.1709,8.0595,8.1961,,4.1518,4.2732,4.4024,13.8512,13.9858,14.1961,14.4646
CMP-00740,LOT-08,0,normal,8.7137,8.6817,8.9356,9.1491,4.4739,4.432,4.5678,4.4559,13.0692,13.1902,13.3945,13.751
CMP-00741,LOT-07,0,normal,11.7942,11.9079,11.8918,11.8284,3.3292,3.316,3.3208,3.4475,14.0343,14.0749,14.1357,14.2586
CMP-00742,LOT-07,0,normal,10.6602,10.643,10.6944,10.6619,4.5147,4.5429,4.5216,4.5008,12.295,12.367,12.7542,12.8041
CMP-00743,LOT-06,0,normal,7.8224,7.9217,8.4355,9.074,3.944,3.9573,4.1507,4.0428,12.3672,12.3861,12.7195,13.1732
CMP-00744,LOT-03,0,normal,10.9766,11.1624,11.4248,11.658,4.3278,4.4148,4.3878,4.2686,13.2785,13.3987,13.7284,14.074
CMP-00745,LOT-07,0,normal,9.4858,9.7196,9.7921,10.0209,4.307,4.2823,4.4639,4.4496,13.5442,13.7773,13.9662,14.3366
CMP-00746,LOT-03,0,normal,11.5156,11.4861,11.8187,11.8229,4.0986,4.2758,4.4473,4.7283,11.7706,11.9274,12.1713,12.4197
CMP-00747,LOT-05,0,normal,9.6862,9.8385,9.8771,10.1984,4.2936,4.3154,4.3916,4.3583,10.6837,10.7047,10.6356,10.6519
CMP-00748,LOT-03,0,normal,10.0132,10.0803,10.3682,10.8406,4.4767,4.4828,4.5912,4.6743,11.7504,11.9252,12.1707,12.3974
CMP-00749,LOT-03,0,normal,11.2621,11.425,12.3274,12.7297,3.9267,4.0217,4.3202,4.7293,11.4256,11.5137,11.501,11.6606
CMP-00750,LOT-02,0,normal,8.9894,8.9756,9.1025,8.9857,3.7518,3.7915,3.787,4.0115,13.4909,13.6043,13.8569,14.4444
CMP-00751,LOT-08,0,normal,8.2442,8.5478,8.2398,8.7506,4.6534,4.713,4.7993,4.8838,13.5821,13.5702,13.9418,14.365
CMP-00752,LOT-02,0,normal,10.0841,10.0815,10.423,10.644,4.0036,4.1027,4.1301,4.3359,10.8683,10.8919,10.8641,10.953
CMP-00753,LOT-01,0,normal,10.8262,11.0866,10.9253,11.4594,3.7042,3.6547,3.8871,4.0803,11.0541,10.9622,11.3399,11.4983
CMP-00754,LOT-08,0,normal,7.9825,8.0293,8.5219,8.7701,3.7518,3.9183,4.0888,4.4751,11.9931,12.0524,12.1943,12.6906
CMP-00755,LOT-05,0,normal,7.7664,7.7562,8.276,8.8418,4.3908,4.4976,4.6361,4.5945,11.0873,11.2958,11.5686,11.9707
CMP-00756,LOT-04,1,accelerating_drift,11.0604,12.3199,19.1062,29.1994,4.0106,4.2932,6.538,9.6973,11.7127,12.2937,16.9941,24.2906
CMP-00757,LOT-06,0,normal,9.3935,9.664,9.649,9.7724,2.9132,2.9219,3.0189,2.7658,13.6831,13.6018,13.5387,13.3928
CMP-00758,LOT-04,0,normal,9.7477,9.6881,9.9922,10.0524,3.8359,3.8398,3.9234,4.0793,10.7597,10.943,11.0454,11.4051
CMP-00759,LOT-02,0,normal,7.9191,8.1674,8.5092,9.3439,5.1283,5.121,5.2213,5.2075,13.924,13.9129,13.7963,13.8559
CMP-00760,LOT-06,0,normal,9.385,,9.3728,9.559,3.7786,3.8445,3.834,4.0415,11.5254,11.6404,12.0346,11.9869
CMP-00761,LOT-02,0,normal,10.2061,10.3802,10.6245,10.903,4.3656,4.402,4.4608,4.4751,10.1923,10.3243,10.609,10.8857
CMP-00762,LOT-05,0,normal,11.0268,11.1226,11.4405,11.3932,4.8724,5.0395,5.1196,5.4482,13.3442,13.4641,13.9779,14.2738
CMP-00763,LOT-08,0,normal,8.5742,9.0163,9.6317,10.4108,4.7572,4.8651,4.8697,4.9339,14.0174,14.1056,14.2459,14.2313
CMP-00764,LOT-08,1,unstable,11.9201,11.4782,17.4505,17.8126,4.9425,5.175,8.5173,6.5156,12.5197,15.9775,14.7205,14.2598
CMP-00765,LOT-03,0,normal,8.7475,9.1506,9.5952,10.2744,2.5084,2.61,2.4814,2.4996,12.5523,12.5358,12.8693,13.1789
CMP-00766,LOT-07,0,normal,9.4277,9.5117,10.1679,11.0044,5.1089,5.1237,5.1991,5.3163,13.1993,13.1814,13.3715,13.3477
CMP-00767,LOT-05,0,normal,11.8259,11.9542,12.2856,12.4662,4.6652,4.6618,4.6429,4.7042,11.7792,11.7753,12.3309,12.6268
CMP-00768,LOT-04,0,normal,10.2852,10.5297,10.7065,11.0205,5.3974,5.4432,5.4832,5.5651,10.4594,10.647,10.8626,11.1533
CMP-00769,LOT-02,0,normal,9.5445,9.65,9.8649,9.8858,4.0912,4.0906,4.5278,4.8045,9.079,9.2465,9.3074,9.5142
CMP-00770,LOT-04,0,normal,9.6648,9.946,10.0216,10.507,3.0456,3.1119,3.3247,3.4751,10.9882,11.0295,11.2729,11.5789
CMP-00771,LOT-06,0,normal,12.0538,12.2399,12.834,13.2338,4.0911,4.0928,4.2705,4.3068,14.2101,14.3348,14.5254,14.7161
CMP-00772,LOT-08,0,normal,11.5758,11.7963,12.0256,12.2589,4.2263,4.3538,4.6573,4.99,14.6015,14.6283,14.9692,15.0852
CMP-00773,LOT-01,0,normal,8.8383,8.8173,9.2182,9.5683,4.6679,4.7863,4.7788,4.8504,11.7752,11.7711,11.9979,12.1812
CMP-00774,LOT-06,0,normal,10.079,10.2384,10.3722,10.4393,4.6962,4.7377,4.9844,5.1638,11.5654,11.5857,11.9722,11.9712
CMP-00775,LOT-07,0,normal,10.4391,10.3375,10.2624,10.3796,4.1061,4.0952,4.1171,4.0376,12.9928,13.0211,13.0988,13.324
CMP-00776,LOT-08,1,unstable,8.4777,13.0543,19.3329,25.5299,4.258,5.4836,5.45,6.1221,13.0607,15.7944,17.6873,20.9935
CMP-00777,LOT-04,0,normal,10.1468,10.1021,10.5161,10.4845,4.2667,4.3286,4.362,4.3015,12.4949,12.428,12.7035,13.1151
CMP-00778,LOT-01,0,normal,9.8272,10.0294,10.0057,10.1244,4.2488,4.3061,4.4085,4.6654,9.489,9.5529,9.709,9.8735
CMP-00779,LOT-03,0,normal,11.2826,11.4085,12.0102,12.7362,3.8221,3.9078,3.9765,4.067,15.2362,15.3787,15.6624,15.928
CMP-00780,LOT-07,0,normal,11.652,11.8858,12.0245,12.6776,4.7474,4.8214,4.8512,4.9276,13.9408,13.96,14.3304,14.4585
CMP-00781,LOT-08,0,normal,9.3221,9.3921,9.9883,10.3469,5.0075,5.1361,5.3317,5.4716,12.5284,12.5201,12.609,12.7627
CMP-00782,LOT-06,1,accelerating_drift,9.9575,10.4986,14.553,20.1817,4.6405,5.2598,9.4681,15.5323,11.637,12.5979,18.4381,27.1585
CMP-00783,LOT-01,0,normal,10.5383,10.6532,10.8638,11.1802,4.33,4.2763,4.4638,4.6431,13.0912,13.1149,13.2896,13.1151
CMP-00784,LOT-01,0,normal,8.962,9.0924,9.5192,9.5228,3.2008,3.2257,3.4111,3.6304,12.4736,12.4694,12.4183,12.5006
CMP-00785,LOT-04,0,normal,10.871,10.9809,10.7706,10.989,3.9115,3.928,3.9278,3.9469,12.0258,11.9977,12.0876,12.2721
CMP-00786,LOT-05,1,accelerating_drift,9.6745,10.6045,16.2928,24.7562,3.9273,4.5704,9.4158,16.2889,12.0199,13.116,20.284,30.59
CMP-00787,LOT-01,0,normal,8.599,8.6421,9.1234,9.3571,4.3671,4.3453,4.4928,4.5653,11.9165,12.0522,12.1631,12.4704
CMP-00788,LOT-06,0,normal,8.8974,9.4548,10.0274,10.7303,3.7388,3.7796,3.9746,4.1404,12.8322,13.002,13.1436,13.3327
CMP-00789,LOT-05,0,normal,11.5514,12.0001,12.1493,12.542,4.3305,4.3514,4.6309,4.8189,12.243,12.578,12.7906,13.1683
CMP-00790,LOT-01,1,unstable,9.7466,14.8738,13.3246,17.4865,3.8214,5.5831,8.4031,9.6207,12.3964,14.4477,15.4479,20.7538
CMP-00791,LOT-01,0,normal,12.0397,11.9615,12.3299,12.5487,3.6897,3.7496,3.7242,3.9063,12.1632,12.3737,12.5104,12.6415
CMP-00792,LOT-04,0,normal,9.342,9.7483,11.0181,12.0254,4.6762,4.7684,4.6992,4.7902,13.1871,13.4511,13.6791,14.2698
CMP-00793,LOT-06,0,normal,10.6841,11.0399,11.5325,11.8771,3.5532,3.5467,3.6958,3.902,10.9236,10.9677,10.8574,11.079
CMP-00794,LOT-07,1,unstable,13.4194,13.1235,21.9319,20.3666,4.1282,6.2797,6.5847,8.1784,11.9244,13.7318,17.9181,16.129
CMP-00795,LOT-04,0,normal,8.7688,8.8574,9.0706,9.7864,4.537,4.5034,4.7143,4.7772,11.778,11.8167,11.7023,11.9176
CMP-00796,LOT-03,0,normal,7.2544,7.3356,7.2118,7.6123,4.5771,4.5266,4.7348,4.7685,11.4188,11.3135,11.5666,11.8714
CMP-00797,LOT-08,0,normal,11.4574,11.4557,11.4463,11.3618,4.8515,4.8335,5.1219,5.1082,12.2664,12.4144,12.5303,12.7443
CMP-00798,LOT-04,0,normal,8.9639,9.0374,9.1008,9.3019,4.2106,4.2617,4.2369,4.2523,13.0741,13.0905,13.4112,13.8517
CMP-00799,LOT-03,0,normal,9.684,9.8073,10.0624,10.2536,4.5184,4.4311,4.5828,4.4505,12.0329,11.8948,12.3264,12.721
CMP-00800,LOT-04,0,normal,9.3419,9.4336,9.3828,9.3623,4.7567,4.7988,5.0557,5.2234,9.9038,9.9127,10.0614,10.0837
CMP-00801,LOT-01,0,normal,10.1488,10.0608,10.3441,10.0215,4.5649,4.6372,4.6243,4.5096,11.5514,11.4974,11.6679,11.6853
CMP-00802,LOT-03,1,high_relative,12.8796,15.0327,16.8713,18.2301,5.4245,6.4881,7.4225,8.1657,15.0071,16.3096,17.5208,18.5103
CMP-00803,LOT-05,0,normal,9.6365,9.5783,9.7825,10.1132,3.9888,3.9891,4.0908,3.9917,11.6084,11.721,12.1981,12.3879
CMP-00804,LOT-08,0,normal,10.2731,10.3082,10.7995,11.2994,4.7412,4.9041,5.0314,5.3139,13.3602,13.2983,13.9129,14.7008
CMP-00805,LOT-06,0,normal,8.8996,8.9403,9.0357,8.9454,3.667,3.7475,3.8217,3.7728,12.9026,13.0204,13.3223,13.7578
CMP-00806,LOT-07,0,normal,9.379,9.517,9.9464,10.4975,5.0047,5.0639,5.088,5.1649,12.6818,12.6453,12.8168,12.6197
CMP-00807,LOT-05,0,normal,9.3234,9.3809,9.5339,9.4375,4.2166,4.2926,4.2971,4.5995,10.5229,10.3895,10.6553,11.0742
CMP-00808,LOT-01,0,normal,7.9477,8.1582,8.8897,9.8246,4.4321,4.4858,4.5277,4.6214,11.5552,11.5931,11.9295,12.2279
CMP-00809,LOT-04,0,normal,9.529,9.5609,9.5698,9.6374,4.6321,4.7225,4.7101,4.7989,11.1584,11.2334,11.2839,11.4878
CMP-00810,LOT-08,0,normal,9.8722,9.7281,9.8912,9.4887,4.2716,4.3754,4.3706,4.429,12.3918,12.4627,12.7587,13.0487
CMP-00811,LOT-01,0,normal,9.1128,9.4834,9.8035,10.2257,4.5466,4.4914,4.615,4.5905,12.748,12.6735,12.738,12.8424
CMP-00812,LOT-08,0,normal,9.4135,9.6982,10.4528,11.1925,4.8893,4.9322,4.8866,5.1078,13.015,13.2708,13.2637,13.5696
CMP-00813,LOT-06,0,normal,10.2183,10.3985,10.8022,11.1084,3.2079,3.2998,3.3375,3.2988,13.1831,13.4771,13.4162,13.6574
CMP-00814,LOT-03,0,normal,8.9666,8.986,9.5472,9.9107,3.9176,3.9371,3.929,3.9095,11.8125,11.7519,12.0138,12.289
CMP-00815,LOT-07,0,normal,11.0711,11.2486,11.5278,11.8995,4.6086,4.6383,4.7357,4.8847,14.2163,14.3112,14.8573,15.2551
CMP-00816,LOT-07,0,normal,12.0785,11.8857,12.1266,12.0939,4.1806,4.2215,4.3606,4.424,13.457,13.4261,13.4314,13.5795
CMP-00817,LOT-01,0,normal,9.3955,9.3225,9.3438,9.767,5.2081,5.2475,5.1506,5.2322,12.105,12.2188,12.361,12.7255
CMP-00818,LOT-01,0,normal,10.4305,10.7574,10.3826,10.6076,3.5431,3.6324,3.8035,3.9165,12.5993,12.7164,13.1068,13.2998
CMP-00819,LOT-06,0,normal,10.107,9.9824,10.1363,9.9783,3.1239,3.273,3.3918,3.5733,11.8677,11.8935,12.0595,12.245
CMP-00820,LOT-08,0,normal,10.1639,10.2833,10.7723,11.0756,4.785,4.8643,5.0612,5.2076,10.5652,10.7366,10.6198,10.6449
CMP-00821,LOT-01,0,normal,11.8983,11.9329,11.7419,11.4767,4.9237,4.9184,5.0813,5.101,11.3753,11.4089,11.9815,12.2921
CMP-00822,LOT-06,0,normal,10.9734,11.2537,11.4948,11.8098,3.9467,3.9269,4.1597,4.3299,13.1719,13.2147,13.3983,13.4659
CMP-00823,LOT-02,0,normal,8.0726,8.0903,7.7202,7.8132,4.6828,4.7551,5.0437,5.4515,11.6391,11.8363,11.9567,12.0137
CMP-00824,LOT-06,0,normal,10.8336,10.8108,11.3273,11.797,4.4876,4.501,4.6462,4.7036,12.2596,12.3246,12.4819,12.653
CMP-00825,LOT-05,0,normal,11.377,11.5704,11.7743,11.8307,3.8181,3.8222,3.9189,3.9046,10.7721,10.9198,11.1279,11.0584
CMP-00826,LOT-01,0,normal,9.4788,10.0181,10.4466,11.2479,3.9469,4.0467,3.9869,4.0644,10.1676,10.1132,10.2285,10.1627
CMP-00827,LOT-06,1,accelerating_drift,11.6092,12.7384,19.8225,30.1463,4.1712,4.6891,8.374,13.452,13.918,14.5453,18.3692,23.78
CMP-00828,LOT-08,1,unstable,8.7679,12.8598,12.5883,21.3072,4.9217,7.7538,7.7395,8.1055,12.4479,15.15,17.1225,20.8528
CMP-00829,LOT-07,0,normal,8.3496,8.3358,8.3333,8.7563,3.5055,3.4974,3.6004,3.5453,12.3986,12.459,12.9739,12.9488
CMP-00830,LOT-01,0,normal,10.1273,9.9854,10.4533,10.7496,4.3,4.3577,4.3256,4.453,11.2242,11.3016,11.7362,12.0631
CMP-00831,LOT-02,0,normal,7.9287,8.1392,8.0787,7.8538,4.2859,4.3696,4.4016,4.5712,12.9449,12.9462,13.4702,14.0061
CMP-00832,LOT-02,0,normal,9.9224,9.9526,10.326,10.3076,4.749,4.822,4.9526,5.1992,12.5661,12.7008,12.7208,13.1376
CMP-00833,LOT-04,1,high_relative,15.393,17.3043,18.8473,20.0555,6.3895,7.4676,8.3032,8.8778,13.9028,14.9915,16.151,17.2921
CMP-00834,LOT-02,0,normal,8.003,7.7611,7.9043,8.0822,4.1764,4.2392,4.2738,4.265,12.8294,12.7972,12.88,12.6646
CMP-00835,LOT-07,0,normal,8.5806,8.4997,8.3984,8.4253,4.8419,4.9684,5.193,5.4816,12.6449,12.6035,13.2724,13.9442
CMP-00836,LOT-07,0,normal,8.9182,9.0191,8.8508,8.8344,3.8583,3.8953,4.0024,4.1708,12.2392,12.1516,12.646,12.9019
CMP-00837,LOT-07,0,normal,10.0119,10.1439,9.9876,10.1122,3.9469,3.9669,4.1537,4.4653,12.422,12.5709,12.7243,12.6178
CMP-00838,LOT-02,0,normal,9.8254,9.7711,9.6112,9.7651,3.6397,3.6475,3.7212,3.8833,10.7831,10.9667,11.4777,11.9131
CMP-00839,LOT-01,0,normal,11.6902,11.6888,12.143,12.8469,4.0555,4.058,4.2066,4.4472,10.6816,10.795,11.1727,11.8445
CMP-00840,LOT-08,0,normal,10.9028,10.7438,11.1008,11.0122,4.6438,4.6643,4.5898,4.6219,13.5519,13.4023,13.4542,13.6299
CMP-00841,LOT-03,0,normal,10.4498,10.2303,10.3206,10.5091,4.1941,4.2089,4.3278,4.371,11.812,11.7585,11.7765,12.0178
CMP-00842,LOT-06,1,accelerating_drift,10.7055,11.7583,19.5654,30.4131,4.403,4.8953,7.7953,12.0265,12.9932,13.7972,18.3277,24.8979
CMP-00843,LOT-08,0,normal,10.1102,10.3266,10.2764,10.6026,4.7047,4.6723,4.7934,4.6926,12.9837,12.9666,13.1213,13.1625
CMP-00844,LOT-01,1,unstable,8.6114,14.139,17.0874,15.3715,5.503,7.7966,6.0223,8.8053,12.6057,17.0278,23.4587,14.3887
CMP-00845,LOT-01,0,normal,10.8595,11.2498,11.6786,11.8561,4.0129,3.9973,4.1707,4.1533,9.9118,10.0694,10.333,10.5285
CMP-00846,LOT-01,0,normal,8.5255,8.4692,8.7659,9.3331,3.4852,3.6179,3.6887,3.7033,11.1871,11.1898,11.138,11.1988
CMP-00847,LOT-02,0,normal,11.4818,11.3638,11.3226,11.3882,3.9338,3.9719,3.9848,4.0139,12.2592,12.2345,12.6161,12.7833
CMP-00848,LOT-01,0,normal,11.3547,11.3359,11.656,12.0457,3.9932,4.0654,4.0248,4.1168,10.8162,10.8689,11.2396,11.4382
CMP-00849,LOT-07,0,normal,10.4936,10.5866,10.517,10.4092,3.5906,3.5696,3.5672,3.5805,13.1572,13.2265,13.663,13.8111
CMP-00850,LOT-05,0,normal,9.5604,10.1695,10.8739,11.8864,4.4194,4.3726,4.4768,4.7002,10.2579,10.2797,10.4868,10.8554
CMP-00851,LOT-08,0,normal,10.2866,10.0343,9.9924,10.1765,5.0034,5.057,5.1671,5.1552,12.8179,12.7404,12.8755,12.9533
CMP-00852,LOT-07,0,normal,6.4616,6.4625,6.4033,6.5734,5.0138,5.0027,4.9961,5.0264,14.3705,14.5363,14.7783,15.1588
CMP-00853,LOT-08,0,normal,10.0544,10.2011,9.9913,10.0138,4.7127,4.6767,4.7187,4.874,13.5203,13.5474,13.7016,13.6223
CMP-00854,LOT-02,0,normal,10.209,10.0129,10.0639,10.0817,5.7064,5.6873,5.9025,5.9141,,9.8861,10.094,10.3744
CMP-00855,LOT-03,0,normal,9.6252,9.9232,10.6582,11.042,3.8039,3.8629,3.9333,4.0134,12.9995,12.9638,13.4238,13.2807
CMP-00856,LOT-07,0,normal,11.1133,11.582,12.3082,13.3576,3.2011,3.2177,3.2536,3.2199,14.5118,14.7553,15.0483,15.3701
CMP-00857,LOT-02,0,normal,10.2047,10.2617,10.4399,10.7146,5.0526,5.1298,5.2734,5.4491,14.3044,14.4699,14.7035,14.6583
CMP-00858,LOT-01,0,normal,8.4151,8.3963,8.3611,8.355,3.3968,3.437,3.3796,3.3457,12.4612,12.4771,12.685,12.7296
CMP-00859,LOT-06,0,normal,10.2718,10.2932,10.2334,10.0223,3.6735,3.6404,3.7985,3.9773,,11.0566,11.2031,11.3177
CMP-00860,LOT-07,0,normal,10.3573,10.566,10.5788,10.9784,4.3854,4.4613,4.4851,4.4637,13.2252,13.3379,13.4572,13.9107
CMP-00861,LOT-08,0,normal,9.9077,9.8942,10.1888,10.2152,4.2788,4.394,4.4109,4.4708,14.4304,14.4306,14.5137,14.5226
CMP-00862,LOT-08,0,normal,9.8775,9.8774,10.0096,10.3212,4.2324,4.3253,4.5799,4.7677,12.5233,12.3879,12.5199,12.685
CMP-00863,LOT-01,0,normal,11.1118,11.204,11.6956,12.186,3.7456,3.7821,3.9689,4.2036,13.0271,13.2079,13.2138,13.4135
CMP-00864,LOT-07,0,normal,8.8639,9.0333,9.1658,9.7494,4.2188,4.2489,4.4511,4.6216,11.8405,12.1047,12.1755,12.5373
CMP-00865,LOT-07,0,normal,10.4602,10.4382,10.6467,11.1319,4.6644,4.7053,4.8819,5.0051,13.2144,13.1657,13.1996,13.3534
CMP-00866,LOT-06,0,normal,11.8533,12.0238,12.2891,12.7506,4.0534,4.1375,4.292,4.4385,9.9534,9.9591,10.1448,10.2603
CMP-00867,LOT-07,0,normal,7.9313,7.9712,8.0112,8.0133,3.648,3.6489,3.6798,3.5735,11.7036,11.9533,12.318,12.7402
CMP-00868,LOT-07,0,normal,10.4422,10.5607,11.1445,11.5255,3.4866,3.4121,3.6188,3.5818,12.7548,12.7694,12.8993,13.2202
CMP-00869,LOT-04,0,normal,9.2978,9.4687,9.6722,10.1534,3.5818,3.6067,3.7174,3.7687,11.3816,11.5559,11.7534,12.406
CMP-00870,LOT-01,0,normal,9.4779,9.7738,10.241,10.7067,4.5832,4.637,4.8949,5.0758,10.6765,10.6508,10.9697,11.0355
CMP-00871,LOT-04,0,normal,8.9726,9.089,9.563,10.3085,4.2037,4.2386,4.2942,4.2764,11.3154,11.2567,11.7438,12.0762
CMP-00872,LOT-02,0,normal,10.2055,10.0382,10.1293,9.9913,4.0315,4.1515,4.2311,4.4163,11.8604,12.1777,12.1558,12.5052
CMP-00873,LOT-01,0,normal,12.2426,12.3174,12.2876,12.2616,3.1974,3.3048,3.3575,3.4983,11.8866,12.064,12.6622,13.0097
CMP-00874,LOT-01,0,normal,8.1887,8.228,8.4744,8.1858,4.7363,4.7061,4.9076,5.1263,12.0158,12.2178,12.606,12.9732
CMP-00875,LOT-06,0,normal,8.7001,8.9253,8.7486,8.8751,3.6075,3.6604,3.6875,3.7718,13.1251,13.3004,13.51,14.1186
CMP-00876,LOT-05,0,normal,8.1724,8.3558,8.7696,9.3477,4.6846,4.7645,4.9651,5.1116,11.2412,11.2916,11.3398,11.6608
CMP-00877,LOT-05,0,normal,12.1106,12.215,12.4546,13.0554,3.8678,3.8776,3.934,3.9227,12.9803,13.0157,13.1813,13.0903
CMP-00878,LOT-06,0,normal,9.5804,9.7328,10.6909,11.0957,3.485,3.4575,3.6242,3.5216,11.3915,11.5694,11.8997,12.1144
CMP-00879,LOT-05,0,normal,9.7814,9.807,10.4156,10.7351,4.4217,4.4604,4.3639,4.4188,13.624,13.7063,14.2675,14.5283
CMP-00880,LOT-06,0,normal,9.7528,9.7197,10.2989,10.4775,5.403,5.3923,5.644,5.7419,13.5705,13.6279,13.9608,14.5656
CMP-00881,LOT-01,0,normal,8.6349,8.8453,9.8034,10.182,4.796,4.9262,4.9419,5.2073,11.7346,11.7595,11.952,11.9696
CMP-00882,LOT-07,1,unstable,9.9525,14.3311,18.9193,21.5229,4.2699,6.4217,6.0291,6.637,12.6022,15.7954,16.2956,18.7409
CMP-00883,LOT-04,0,normal,13.2481,13.5256,13.5601,13.9437,4.2269,4.2024,4.2206,4.4117,12.0688,12.1586,12.4398,12.9116
CMP-00884,LOT-02,0,normal,12.1533,12.3517,13.0404,13.852,3.569,3.5718,3.5699,3.7532,12.2242,12.3246,12.4752,12.6192
CMP-00885,LOT-07,0,normal,9.0908,9.1907,9.4226,9.915,3.5424,3.6513,3.6774,3.7749,13.9058,13.9224,14.1465,14.5525
CMP-00886,LOT-06,1,unstable,10.8865,13.5699,15.807,13.3461,2.6922,,6.3337,6.6492,11.1354,13.6152,18.4998,16.7073
CMP-00887,LOT-01,0,normal,8.6999,8.8201,8.7596,8.6474,5.3166,5.4171,5.6553,5.9213,12.4479,12.5895,12.6081,12.5886
CMP-00888,LOT-02,0,normal,8.0898,8.0769,8.5775,8.9608,5.3367,5.3719,5.554,5.6514,9.4755,9.446,9.6564,9.7358
CMP-00889,LOT-01,0,normal,10.9973,11.2693,11.8479,12.5485,4.6504,4.6677,4.8359,4.8601,11.7581,11.7278,12.0905,12.292
CMP-00890,LOT-03,0,normal,11.2265,11.4229,11.7655,11.5661,4.1059,4.1931,4.3775,4.6371,13.6053,13.5881,13.4394,13.4803
CMP-00891,LOT-01,1,accelerating_drift,11.3292,12.5571,21.1463,33.4341,3.5655,4.2794,8.9481,15.7381,10.5872,11.5446,18.2231,27.9301
CMP-00892,LOT-06,0,normal,9.6258,9.6721,9.6688,9.7445,3.9178,4.0146,4.0398,4.2131,10.9456,10.8336,11.215,11.1892
CMP-00893,LOT-05,0,normal,9.6472,9.8,10.0976,10.2777,5.3251,5.2577,5.4644,5.596,11.9398,12.0505,12.2258,12.7323
CMP-00894,LOT-08,0,normal,10.5412,10.7529,11.0831,11.0099,4.453,4.4677,4.5138,4.4566,14.0235,14.189,14.5636,14.8546
CMP-00895,LOT-06,0,normal,10.9628,10.8782,10.9516,10.7526,3.7232,3.7931,3.8033,4.0329,12.856,12.8098,13.2564,13.8408
CMP-00896,LOT-05,0,normal,9.3445,9.5975,10.7309,11.6257,3.3337,3.3476,3.4088,3.3418,9.571,10.0351,10.2541,10.7381
CMP-00897,LOT-05,0,normal,7.7633,8.05,8.1331,8.6519,5.1043,5.1442,5.3005,5.5659,10.1069,9.887,9.9843,10.2181
CMP-00898,LOT-01,0,normal,10.0963,9.9736,10.2782,10.277,4.3149,4.4644,4.5816,4.7709,12.011,12.1015,12.067,12.1584
CMP-00899,LOT-01,0,normal,11.2879,11.4775,11.709,12.0335,3.3945,3.5531,3.6984,4.0467,10.8624,10.8031,11.3523,11.5615
CMP-00900,LOT-05,0,normal,8.2273,8.2886,8.3258,8.2423,3.7982,3.77,3.8191,3.7728,11.8215,11.9502,12.3446,12.7743
CMP-00901,LOT-01,0,normal,10.5965,10.757,10.7221,10.8242,3.7814,3.7877,4.1875,4.3925,12.2816,12.3017,12.8347,13.1062
CMP-00902,LOT-01,0,normal,10.3011,10.5178,11.1951,11.7524,4.3036,4.311,4.3357,4.2228,11.4942,11.6738,11.8541,12.3239
CMP-00903,LOT-02,0,normal,11.2193,11.4233,11.3632,11.4789,4.6354,4.5486,4.5997,4.7006,13.2587,13.4075,13.4894,13.3024
CMP-00904,LOT-08,0,normal,10.6261,10.7534,10.9298,10.8408,4.102,4.1056,4.153,4.2174,,13.461,13.5832,13.9427
CMP-00905,LOT-04,0,normal,9.1976,9.5287,10.1373,10.9454,4.4334,4.6056,4.6787,4.9715,13.0109,13.0928,13.2328,13.6097
CMP-00906,LOT-06,0,normal,8.0691,8.608,9.0317,9.7826,4.1296,4.0955,4.3645,4.3048,13.2205,13.376,13.9206,14.2334
CMP-00907,LOT-04,0,normal,9.5587,9.5321,9.9005,10.578,4.5957,4.641,4.7442,4.7937,11.6678,11.823,12.2955,12.6102
CMP-00908,LOT-02,0,normal,11.4729,11.5125,11.625,11.7307,4.292,4.3167,4.307,4.4752,11.3243,11.4964,11.8124,12.5181
CMP-00909,LOT-03,0,normal,8.9211,9.0256,9.2385,9.704,5.6621,5.7379,5.6762,5.7018,11.8405,11.7028,12.0773,12.1002
CMP-00910,LOT-01,0,normal,8.8592,8.9079,8.8289,9.0912,4.0905,4.1205,4.3667,4.6125,12.6708,12.6317,12.7026,12.7612
CMP-00911,LOT-07,0,normal,7.6765,8.0153,7.7749,7.9105,3.6861,3.6518,3.9332,4.0664,12.2463,12.1515,12.5594,12.7464
CMP-00912,LOT-02,0,normal,12.4793,12.4817,12.6102,12.5971,3.94,3.956,4.1811,4.523,13.3012,13.4694,13.6106,13.401
CMP-00913,LOT-04,0,normal,11.2711,11.1237,11.4721,11.3673,3.9547,4.0149,4.157,4.2556,11.0989,11.2645,11.6433,12.0516
CMP-00914,LOT-08,0,normal,10.8891,10.8427,10.7503,10.6858,3.4453,3.3825,3.4185,3.3699,12.8795,12.8684,12.8742,13.0862
CMP-00915,LOT-05,0,normal,11.1879,11.1826,10.8204,11.0622,4.469,4.4508,4.4262,4.4756,11.3122,11.5603,11.8132,12.1551
CMP-00916,LOT-04,0,normal,10.8466,11.1782,11.3976,11.8036,2.9566,3.1168,3.1554,3.4177,11.3495,11.2987,11.8585,12.0688
CMP-00917,LOT-05,0,normal,9.5069,9.6209,9.9555,10.3485,4.3794,4.3933,4.5853,4.604,13.88,13.8471,14.1115,14.1675
CMP-00918,LOT-07,0,normal,9.9162,10.2748,11.0929,11.6167,3.3485,3.4391,3.4166,3.5378,12.3625,12.3779,12.622,12.4924
CMP-00919,LOT-03,0,normal,9.3397,9.1199,9.278,9.149,3.8311,3.8894,3.8224,3.9996,11.7674,11.8003,11.8129,11.8091
CMP-00920,LOT-06,0,normal,13.7138,13.8693,14.2063,14.3694,4.4182,4.5176,4.7125,4.9216,11.6773,11.7854,11.9069,12.0295
CMP-00921,LOT-07,0,normal,11.1314,10.8924,11.4311,11.9042,5.4816,5.4099,5.6227,5.806,12.8456,12.8449,12.9377,13.1732
CMP-00922,LOT-05,0,normal,9.3877,9.3991,9.5448,9.6072,3.7367,3.7374,3.8793,4.0875,11.583,11.7043,12.0606,12.4949
CMP-00923,LOT-04,0,normal,10.552,10.9093,11.5361,11.923,3.9127,3.9762,4.0644,4.1119,10.7545,10.7291,10.651,10.9926
CMP-00924,LOT-02,0,normal,8.9262,9.1516,9.6662,10.1981,4.0488,4.2246,4.3182,4.4352,11.1505,11.3279,11.5023,11.8102
CMP-00925,LOT-02,0,normal,12.1959,12.3463,12.8924,13.1401,4.0159,3.9925,4.0401,3.8995,12.0859,12.2376,12.2033,12.3866
CMP-00926,LOT-08,0,normal,8.8185,8.8102,9.2206,9.385,4.0067,3.9874,4.0745,4.2238,13.7443,13.8402,14.1085,14.3456
CMP-00927,LOT-05,0,normal,10.5097,10.6477,10.8393,10.9683,4.754,4.7797,4.74,4.7533,11.6783,11.8071,11.8521,11.6428
CMP-00928,LOT-03,0,normal,11.3665,10.98,10.8867,10.7289,3.8036,3.8082,3.7967,3.7542,12.2491,12.3861,12.8468,13.509
CMP-00929,LOT-04,0,normal,10.5074,10.6738,10.8094,10.6923,5.2589,5.3205,5.3083,5.4417,11.4557,11.6491,11.5431,11.7956
CMP-00930,LOT-05,0,normal,10.0074,10.2246,10.0787,10.2979,4.5656,4.6076,5.0208,5.1802,11.1493,11.1022,11.0709,10.976
CMP-00931,LOT-05,0,normal,9.9339,10.0223,9.9608,10.0988,3.6922,3.7318,3.8371,3.6509,10.7645,10.6538,10.9089,10.9083
CMP-00932,LOT-06,0,normal,10.2323,10.2243,10.6726,11.4272,3.9401,3.8874,3.8675,3.9507,10.8449,10.9062,11.0149,11.1366
CMP-00933,LOT-03,0,normal,8.9684,9.1171,9.6645,10.2509,3.5673,3.7043,3.7966,3.9322,11.3451,11.4139,11.6972,11.8068
CMP-00934,LOT-06,0,normal,9.6264,9.7713,9.986,9.7362,4.5507,4.5973,4.9261,4.9913,13.3406,13.5111,13.651,13.6605
CMP-00935,LOT-04,1,high_relative,16.4826,18.6094,20.491,21.9728,5.3971,6.4849,7.5364,8.1549,14.5441,16.027,17.4854,18.5887
CMP-00936,LOT-08,0,normal,9.5906,9.408,9.677,9.7488,3.6267,3.6452,3.9325,4.0749,12.3179,12.3608,12.4458,12.5664
CMP-00937,LOT-02,0,normal,9.3092,9.3836,9.56,9.8829,4.1676,4.2798,4.1969,4.3449,11.3644,11.2753,11.3922,11.3313
CMP-00938,LOT-02,0,normal,9.6816,9.6585,9.6999,9.8851,4.8877,4.9055,4.9476,5.0979,12.9118,12.9577,13.2047,13.5309
CMP-00939,LOT-04,0,normal,11.6643,11.8756,12.1456,12.6346,4.7245,4.7896,4.8849,5.0353,10.9079,11.0031,11.4913,11.996
CMP-00940,LOT-05,0,normal,10.8274,10.7483,10.7146,11.1439,5.1093,5.0868,5.1125,5.1105,12.0406,12.0186,12.1459,12.3349
CMP-00941,LOT-06,0,normal,11.0407,11.3409,11.8051,12.5492,4.4257,4.4318,4.6864,4.7613,12.3172,12.5268,12.5303,12.735
CMP-00942,LOT-04,0,normal,9.6638,9.7197,9.9345,10.4333,3.9959,3.9214,4.0631,3.9576,12.0569,12.0154,12.0073,12.2628
CMP-00943,LOT-08,0,normal,10.3759,10.3642,10.5192,10.7275,4.8717,4.7789,5.0122,5.158,12.892,13.0021,13.3506,13.4929
CMP-00944,LOT-04,0,normal,9.2486,9.3388,9.3759,9.2216,3.4028,3.4879,3.5398,3.5763,12.0121,11.8938,12.1677,12.5359
CMP-00945,LOT-02,0,normal,9.9864,10.1891,10.4741,10.9089,3.5292,3.5207,3.5702,3.6505,12.5271,12.5634,12.7724,12.9916
CMP-00946,LOT-01,0,normal,11.0422,11.1746,11.6417,12.4693,4.6586,4.6506,4.6325,4.6056,11.855,11.9881,12.194,12.6784
CMP-00947,LOT-08,0,normal,10.7366,10.9463,11.4094,11.6517,3.7944,,3.8357,3.8862,14.527,14.645,14.6648,15.133
CMP-00948,LOT-02,0,normal,8.9163,9.201,10.2673,11.1536,4.4733,4.4997,4.7952,5.0195,11.6187,11.7605,11.7111,11.794
CMP-00949,LOT-08,0,normal,8.4227,8.7886,9.4432,10.3584,4.4539,4.5082,4.5109,4.6737,10.9367,11.2171,11.4604,11.9573
CMP-00950,LOT-03,0,normal,9.828,9.9973,10.2019,10.5389,4.1864,4.3032,4.2353,4.5385,12.7677,12.8443,12.9196,13.1617
CMP-00951,LOT-01,0,normal,11.9353,12.0922,12.3115,12.4264,4.9336,4.9028,4.8817,4.9772,12.3285,12.3935,13.0207,13.464
CMP-00952,LOT-03,0,normal,7.1268,7.3347,7.6471,8.17,4.5421,4.5716,4.599,4.7893,12.1603,12.1397,12.4468,12.7829
CMP-00953,LOT-05,0,normal,10.1898,10.1313,10.5021,10.3817,4.4156,4.4243,4.3843,4.408,11.3295,11.5849,12.0297,12.5205
CMP-00954,LOT-04,0,normal,8.1948,8.4613,9.1462,9.8377,3.6723,3.8195,3.9503,4.0326,9.7124,9.7779,10.2385,10.6512
CMP-00955,LOT-07,0,normal,9.4261,9.6932,9.905,10.2362,4.2722,4.3304,4.3413,4.6424,10.906,10.8719,11.0846,11.4449
CMP-00956,LOT-05,0,normal,9.4574,9.5178,9.8255,10.4881,3.9699,4.0079,4.1028,4.1652,13.3295,13.3856,13.4421,13.6483
CMP-00957,LOT-04,0,normal,9.5086,9.6231,10.3432,10.7491,3.889,3.9817,3.915,3.8838,11.204,11.2548,11.3249,11.5637
CMP-00958,LOT-06,0,normal,9.5721,9.8427,10.5966,11.5132,5.4768,5.5619,5.5699,5.7249,13.4469,13.4154,13.6918,14.2993
CMP-00959,LOT-08,0,normal,9.7434,9.6516,9.965,10.7183,4.456,4.5197,4.6476,4.8141,10.9784,11.222,11.4605,11.738
CMP-00960,LOT-04,0,normal,9.3444,9.3959,9.6713,9.945,,4.3627,4.3667,4.4038,10.7091,10.8501,11.0951,11.0524
CMP-00961,LOT-02,0,normal,8.3285,8.7728,9.5169,10.0737,4.0859,4.1539,4.259,4.2482,12.2426,12.3661,12.8156,13.1036
CMP-00962,LOT-04,0,normal,11.2279,11.2941,11.9711,12.2725,4.5635,4.6766,4.9045,5.1728,11.7672,11.8392,12.0372,12.3756
CMP-00963,LOT-07,0,normal,11.2754,11.444,11.4261,11.628,4.5868,4.6318,4.5834,4.6776,13.3255,13.4165,13.6889,13.9846
CMP-00964,LOT-02,0,normal,11.4518,11.4843,11.9423,11.872,5.0025,5.0428,5.166,5.4632,11.6179,11.7052,11.6556,11.9654
CMP-00965,LOT-08,0,normal,7.7664,7.7935,8.228,8.5862,4.5185,4.5391,4.5376,4.5995,12.4703,12.6035,13.0464,13.2318
CMP-00966,LOT-05,0,normal,10.0725,10.4454,10.7444,11.2241,4.9213,4.773,5.0899,5.1715,10.9197,11.1699,11.1555,11.7405
CMP-00967,LOT-05,1,high_relative,16.2988,18.3852,20.6015,22.0651,7.022,8.0327,8.9727,9.5655,13.7162,15.0337,16.6758,17.9567
CMP-00968,LOT-03,1,accelerating_drift,8.4032,9.1906,14.911,23.1114,4.2109,4.5285,6.598,9.6335,13.4465,14.3176,19.4551,26.6147
CMP-00969,LOT-08,0,normal,9.7891,9.7031,9.6439,9.8753,4.3221,4.3052,4.307,4.3857,14.2766,14.2854,14.4174,14.5877
CMP-00970,LOT-01,0,normal,9.7091,9.8218,9.6879,9.5446,4.8686,4.919,4.8657,4.9177,10.9604,10.9681,11.2623,11.5107
CMP-00971,LOT-03,0,normal,12.1073,12.2309,12.2754,12.3697,3.5375,3.5829,3.5669,3.6864,11.028,11.2328,11.6526,11.9582
CMP-00972,LOT-04,0,normal,12.582,12.6538,13.0392,13.7998,3.6667,3.7129,3.8351,4.005,11.4245,11.5915,11.5694,11.7238
CMP-00973,LOT-04,0,normal,7.975,8.1421,8.2387,8.26,4.0414,3.9933,4.1043,4.0309,12.2288,12.1129,12.5946,13.0307
CMP-00974,LOT-04,0,normal,13.319,13.4367,13.7716,14.2436,3.0736,3.1714,3.1843,3.2786,11.7293,11.7401,11.7926,12.1941
CMP-00975,LOT-02,0,normal,9.1901,9.0232,9.2303,8.8857,4.9114,4.9895,4.9512,4.9867,12.163,12.138,12.1307,12.0245
CMP-00976,LOT-02,0,normal,11.4314,11.6467,11.5686,11.9217,3.9613,4.0242,4.0253,4.1669,11.5559,11.5038,11.6569,11.7404
CMP-00977,LOT-01,0,normal,11.0374,11.2193,11.6519,11.9966,4.0871,4.1659,4.0829,4.095,11.8619,11.9213,12.2939,12.6152
CMP-00978,LOT-05,0,normal,8.7555,8.8721,9.126,9.834,4.1948,4.2733,4.2883,4.4609,14.2655,14.0547,14.4971,14.7981
CMP-00979,LOT-03,0,normal,10.2924,10.4089,10.5664,10.3786,4.0826,4.1363,4.1369,4.1995,11.498,11.6339,11.9598,12.3473
CMP-00980,LOT-05,0,normal,9.7023,9.8555,10.165,10.2824,4.1098,4.1173,4.1072,4.1452,13.3565,13.4086,13.698,14.1669
CMP-00981,LOT-05,0,normal,10.5041,10.9791,12.0211,12.752,4.2815,4.3299,4.3292,4.3842,13.1251,13.2522,13.4621,13.7909
CMP-00982,LOT-06,0,normal,10.6362,10.8063,11.0597,11.2101,4.0633,4.0635,4.0028,4.1617,12.9431,13.0024,13.0156,13.0611
CMP-00983,LOT-05,0,normal,11.352,11.5247,11.4893,11.4226,4.0733,4.1422,4.0327,4.0759,9.7417,9.75,10.2229,10.307
CMP-00984,LOT-06,0,normal,10.3869,10.6212,10.7489,11.0299,3.6086,3.7672,3.9482,4.0747,12.4387,12.5724,12.8559,13.1565
CMP-00985,LOT-05,0,normal,9.7228,9.8096,10.0239,10.1113,4.8943,4.9039,4.9399,5.1018,11.1701,11.1656,11.3784,11.5079
CMP-00986,LOT-06,0,normal,11.6671,11.8285,12.1563,12.1615,2.9384,3.0185,2.9052,2.9429,12.4856,12.4882,12.995,13.1115
CMP-00987,LOT-05,0,normal,10.6901,10.8318,10.8358,11.1918,4.2569,4.1277,4.2827,4.3516,10.7794,10.5489,10.8657,11.3203
CMP-00988,LOT-03,0,normal,10.7343,10.6506,10.5639,10.7675,3.7828,3.8818,4.0042,4.2887,12.9239,12.9386,12.9718,13.3462
CMP-00989,LOT-02,0,normal,9.533,9.4438,9.5042,9.6366,4.7538,4.718,4.8056,4.796,12.6152,12.6759,12.8014,13.0688
CMP-00990,LOT-07,0,normal,8.8701,9.1064,9.3261,9.5775,3.3822,3.505,3.5904,3.9404,13.9697,14.1109,14.3459,14.7576
CMP-00991,LOT-03,0,normal,9.265,9.2079,9.0353,9.5104,3.7687,3.798,3.8652,3.7573,11.8393,11.7943,12.1277,12.6669
CMP-00992,LOT-05,1,accelerating_drift,9.1527,9.9986,16.6813,25.5784,4.2971,4.9488,9.9647,17.058,10.5276,11.4862,17.4294,25.7184
CMP-00993,LOT-02,0,normal,11.3525,11.3579,11.6228,11.9287,5.1371,5.1457,5.357,5.5361,11.933,11.9176,12.1203,12.4783
CMP-00994,LOT-04,0,normal,11.2943,11.6181,11.563,12.2851,4.2646,4.231,4.4625,4.6367,13.4372,13.5002,13.4877,13.4962
CMP-00995,LOT-05,0,normal,9.6533,9.9213,10.0396,11.098,3.676,3.6457,3.6422,3.6494,11.7634,11.8814,12.3333,12.6821
CMP-00996,LOT-06,0,normal,12.2958,12.2832,12.3346,12.8337,3.9028,3.8073,3.8171,3.9086,12.955,13.037,13.3459,13.5135
CMP-00997,LOT-05,0,normal,11.7984,11.7458,12.1778,12.4228,4.7729,4.8354,5.1427,5.1841,11.3503,11.4062,11.9314,12.194
CMP-00998,LOT-03,0,normal,10.159,10.1008,10.1929,10.2618,3.4725,3.4147,3.5323,3.4605,11.6897,11.5101,11.5946,11.351
CMP-00999,LOT-08,0,normal,8.6882,8.7655,9.2938,9.9336,4.355,4.4056,4.5478,4.7259,13.2879,13.3848,13.5628,13.8228
CMP-01000,LOT-05,0,normal,11.7975,11.9793,12.3764,12.6455,4.3558,4.2868,4.3931,4.6105,11.5249,11.6864,11.8991,12.0821
CMP-01001,LOT-07,0,normal,10.1812,10.3285,10.7248,11.2361,3.9238,3.908,4.1477,4.1786,13.1713,13.2069,13.647,13.8215
CMP-01002,LOT-06,0,normal,10.3569,10.6601,11.0799,11.7482,5.5952,5.5755,5.5589,5.5669,13.0625,13.0117,13.0264,13.1909
CMP-01003,LOT-05,0,normal,9.287,9.5383,10.0363,10.4319,4.1372,4.1226,4.1853,4.2188,11.9424,12.0817,12.2684,12.4215
CMP-01004,LOT-08,0,normal,8.5502,8.7029,8.9014,8.9751,4.5742,4.6569,4.6975,4.601,13.2582,,13.5809,13.8641
CMP-01005,LOT-02,0,normal,8.4393,8.6365,8.7782,9.4341,4.0745,4.146,4.2232,4.3483,10.7953,10.796,10.8144,11.0044
CMP-01006,LOT-08,0,normal,10.5901,10.8003,11.4048,11.9567,4.5765,4.7624,4.8343,4.9528,11.8057,11.7097,12.1104,11.97
CMP-01007,LOT-07,0,normal,9.243,9.2043,9.2593,9.3801,4.6204,4.7176,4.8242,4.9774,12.7592,12.749,13.053,13.2749
CMP-01008,LOT-05,0,normal,13.8896,13.9504,13.883,13.9366,3.9544,4.118,4.0136,4.0079,11.6897,11.8799,12.1619,12.5542
CMP-01009,LOT-06,0,normal,8.8043,9.0149,9.2847,9.9636,4.0416,4.1867,4.0383,4.0821,11.8822,12.1444,12.3718,12.6955
CMP-01010,LOT-05,0,normal,8.2197,8.2449,8.8973,9.177,3.9294,3.7858,3.9499,4.1638,12.0141,12.0826,12.4684,12.9306
CMP-01011,LOT-03,0,normal,10.2341,10.4536,10.4234,10.6777,3.4879,3.3377,3.4927,3.4997,12.9931,13.1582,13.2385,13.5469
CMP-01012,LOT-07,0,normal,12.022,12.3073,12.479,12.9464,4.6631,4.7853,5.0339,5.2573,13.9298,13.9541,14.4746,15.0055
CMP-01013,LOT-02,0,normal,10.4523,10.7241,10.8402,10.9236,4.219,4.251,4.3652,4.3703,13.1007,12.9354,13.0649,12.9416
CMP-01014,LOT-03,0,normal,10.3835,10.5937,10.7005,10.3829,2.7544,2.7471,2.8517,2.9829,10.7337,10.9237,11.3189,11.9845
CMP-01015,LOT-05,0,normal,7.5466,7.6113,7.7912,8.1864,5.2672,5.3584,5.4977,5.6228,10.5143,10.8479,11.2814,11.6904
CMP-01016,LOT-07,0,normal,9.4363,9.4405,9.8021,10.0987,3.714,3.7298,3.856,4.0345,12.4192,12.5403,12.7022,13.1303
CMP-01017,LOT-04,1,accelerating_drift,8.6532,9.7304,16.6392,26.0057,3.9038,4.5371,9.3603,16.2502,12.0713,12.83,18.5365,26.8461
CMP-01018,LOT-04,0,normal,7.6954,7.776,8.4992,9.3392,4.8794,4.9143,4.9763,4.8526,11.7379,11.6747,11.7143,12.0157
CMP-01019,LOT-01,0,normal,9.9169,9.808,9.9802,9.9608,4.2843,4.3822,4.5209,4.8376,11.4466,11.5429,11.6079,11.8467
CMP-01020,LOT-01,1,accelerating_drift,6.7414,7.561,12.6571,20.1116,4.3187,5.0986,10.205,17.6633,11.7389,12.7819,20.4001,31.0315
CMP-01021,LOT-01,0,normal,8.1174,8.1015,8.0824,8.1414,3.7303,3.7064,3.676,3.705,12.4906,12.4702,12.862,12.9254
CMP-01022,LOT-01,0,normal,9.0838,8.9718,9.2534,9.2937,3.4755,3.537,3.7417,3.743,10.6529,10.574,11.1748,11.3861
CMP-01023,LOT-07,0,normal,9.0955,9.1406,9.3209,9.4788,4.0262,4.1001,4.2175,4.2885,15.1111,15.2908,15.3421,15.7101
CMP-01024,LOT-07,1,accelerating_drift,10.9113,11.2758,15.0556,20.5329,4.3444,4.6741,6.9064,10.3412,12.7776,13.3945,17.3481,23.1631
CMP-01025,LOT-07,0,normal,10.4746,10.7948,11.3895,11.9625,4.3505,4.3653,4.4052,4.4273,13.7038,13.7474,14.1478,14.6255
CMP-01026,LOT-01,0,normal,11.0218,11.1012,11.7632,12.2277,4.1343,4.1642,4.4007,4.5663,11.4454,11.4603,11.4929,11.3719
CMP-01027,LOT-01,0,normal,10.7126,10.8734,11.2032,11.3907,4.4756,4.3663,4.4628,4.3602,12.5783,12.7636,13.1137,13.6683
CMP-01028,LOT-03,0,normal,11.2738,11.4192,11.2166,11.826,3.0139,3.0651,3.113,3.199,12.2146,12.2636,12.1947,12.3941
CMP-01029,LOT-05,0,normal,9.8885,10.1202,10.5528,11.2893,4.5698,4.6184,4.7908,4.8344,12.5063,12.6403,12.5914,12.8002
CMP-01030,LOT-03,0,normal,10.1371,10.1422,10.3028,11.003,4.1263,4.1858,4.476,4.7065,11.8688,11.9103,12.3821,12.3863
CMP-01031,LOT-04,0,normal,10.6842,10.781,10.8683,10.8708,5.1369,5.2214,5.2551,5.4049,13.4275,13.3928,13.692,14.1905
CMP-01032,LOT-02,0,normal,10.4154,10.4823,10.5434,10.4112,4.4763,4.5972,4.5477,4.5617,10.1393,10.0808,10.1153,10.1914
CMP-01033,LOT-06,0,normal,9.8738,9.7684,10.0337,10.4017,3.6358,3.6158,3.9071,4.1463,13.4905,13.4904,13.5449,13.6789
CMP-01034,LOT-03,0,normal,9.4371,9.3696,9.8584,10.3772,3.9582,4.0844,4.0126,3.9492,12.246,12.055,12.3137,12.3681
CMP-01035,LOT-01,0,normal,8.8059,9.175,10.049,10.94,4.2877,4.1673,4.4285,4.4964,10.9748,11.1001,11.311,11.7813
CMP-01036,LOT-06,0,normal,10.7722,10.915,11.2071,11.6643,4.3226,4.4135,4.5161,4.6455,14.4386,14.594,15.0148,15.2921
CMP-01037,LOT-08,0,normal,9.5938,9.479,9.5211,9.5539,4.4048,4.3588,4.3968,4.4617,14.39,14.6086,14.468,14.5209
CMP-01038,LOT-01,0,normal,9.1838,8.9587,9.0489,9.0587,3.7604,3.8052,3.8801,4.1859,10.0803,10.1059,10.5162,10.7205
CMP-01039,LOT-04,0,normal,9.2536,9.4048,9.9351,10.3658,3.1621,3.1107,3.1946,3.2604,12.0107,12.1876,12.3052,12.933
CMP-01040,LOT-07,0,normal,8.7757,8.4508,8.7527,8.8136,4.2648,4.3461,4.527,4.6457,13.618,13.2999,13.6172,13.8183
CMP-01041,LOT-06,0,normal,11.5109,11.7232,12.1031,12.74,4.8639,4.8075,4.7447,4.9973,12.8242,13.0058,13.0301,12.8657
CMP-01042,LOT-07,0,normal,10.3146,10.5773,11.1531,11.715,4.2638,4.2288,4.3363,4.4868,14.1967,14.3202,14.4194,14.602
CMP-01043,LOT-04,0,normal,9.04,9.1654,9.4779,9.9339,4.4419,4.5754,4.4746,4.6341,13.1479,13.2656,13.3336,13.41
CMP-01044,LOT-03,0,normal,10.7954,11.0509,11.1346,11.1674,4.6897,4.6729,4.8544,5.0716,12.3832,12.416,12.8483,13.4822
CMP-01045,LOT-06,0,normal,9.5075,9.8491,10.1189,10.913,4.2417,4.3484,4.4245,4.4542,14.7441,14.6556,14.9202,15.2075
CMP-01046,LOT-02,0,normal,8.3988,8.7258,8.8961,9.0537,4.0376,4.1104,4.284,4.5626,12.5439,12.6882,12.7455,12.8969
CMP-01047,LOT-02,0,normal,11.7184,11.9221,11.433,11.5855,4.5753,4.7217,4.8467,5.0165,11.1987,11.2525,11.6012,11.8744
CMP-01048,LOT-05,0,normal,9.274,9.5129,10.2251,11.1572,4.9645,4.9386,5.2422,5.2224,10.9986,11.0891,11.2213,11.1761
CMP-01049,LOT-06,0,normal,9.9118,9.8523,10.0338,10.4288,4.2962,4.4184,4.6776,4.8437,13.7065,13.8228,14.08,14.345
CMP-01050,LOT-01,0,normal,10.0427,10.1437,10.5129,11.0974,4.7975,4.8503,5.0555,5.2851,11.1242,11.2969,11.2892,11.3879
CMP-01051,LOT-05,0,normal,11.3614,11.2948,11.5528,11.4838,4.0447,4.1677,4.2953,4.4139,11.1488,11.3579,11.4417,11.3943
CMP-01052,LOT-03,0,normal,9.7058,9.9632,10.4735,10.9951,3.8985,3.9475,3.8726,3.9613,11.8264,11.9598,12.2363,12.3417
CMP-01053,LOT-05,0,normal,,8.479,9.1876,9.8967,4.2727,4.1657,4.1976,4.361,12.0407,12.0877,12.6194,13.1346
CMP-01054,LOT-08,0,normal,10.4571,10.5298,10.6827,10.8319,4.332,4.3624,4.6453,4.8082,12.6256,12.7168,13.0703,13.6736
CMP-01055,LOT-01,0,normal,9.1051,9.2808,9.7277,10.3471,5.0198,5.0027,5.0639,5.1867,10.7585,10.7661,10.8634,10.789
CMP-01056,LOT-08,0,normal,12.0454,12.2223,12.8575,12.9784,3.0652,3.1776,3.3771,3.4785,13.9423,13.7496,14.0547,14.1363
CMP-01057,LOT-04,0,normal,10.1485,10.1783,10.4123,10.1717,4.0592,4.135,4.243,4.4199,11.456,11.6131,11.7432,12.0929
CMP-01058,LOT-07,0,normal,7.2945,7.4458,7.8235,8.4195,4.1074,4.1073,4.1745,4.1412,14.805,14.7214,15.3969,15.6768
CMP-01059,LOT-04,0,normal,10.5674,10.4007,10.5595,10.8414,3.2474,3.2518,3.2822,3.207,12.2941,12.196,12.1404,12.2987
CMP-01060,LOT-03,1,accelerating_drift,12.3337,12.6153,16.1664,21.3572,4.4255,4.8023,7.1866,10.7247,13.2673,14.4108,21.9678,32.7443
CMP-01061,LOT-07,0,normal,12.334,12.3575,13.2331,13.771,3.7479,3.7992,4.1297,4.5501,13.3613,13.4917,13.6636,13.949
CMP-01062,LOT-06,0,normal,12.8071,12.7898,13.5743,14.0855,3.8398,3.9137,3.8863,3.9293,13.735,13.7966,13.8181,13.7129
CMP-01063,LOT-02,0,normal,8.7995,9.0437,9.0757,9.1435,5.508,5.5475,5.5853,5.6308,12.227,12.1695,12.2219,12.3003
CMP-01064,LOT-06,0,normal,11.5147,11.5385,11.432,11.5232,4.6579,4.6315,4.6742,4.699,12.61,12.757,12.8407,12.952
CMP-01065,LOT-07,0,normal,9.3408,9.4152,9.2622,9.5918,4.4863,4.5516,4.7266,5.0182,13.9061,13.921,14.3289,14.3183
CMP-01066,LOT-04,0,normal,10.2579,10.6363,11.0819,11.6437,4.2293,4.2713,4.3868,4.5676,14.3412,14.4744,14.7167,15.3656
CMP-01067,LOT-08,0,normal,7.9707,8.1346,8.094,8.1507,4.3042,4.3166,4.4005,4.4906,12.4671,12.6626,12.8327,12.9536
CMP-01068,LOT-06,0,normal,9.3915,9.6574,9.7494,10.4218,5.142,5.2015,5.5198,5.7031,13.294,13.2554,13.7007,13.8295
CMP-01069,LOT-03,1,high_relative,13.9148,16.4117,18.7058,20.4753,6.8025,7.9836,8.9186,9.7979,16.4304,18.0826,20.1216,21.3827
CMP-01070,LOT-01,0,normal,11.1413,11.1876,11.5309,11.6988,3.98,4.0415,4.0327,4.0922,12.5096,12.5201,12.7757,12.5721
CMP-01071,LOT-06,0,normal,11.5308,11.6291,12.0934,12.6973,3.3677,3.324,3.2683,3.3142,12.5226,12.5125,12.7104,12.8292
CMP-01072,LOT-02,0,normal,10.5867,10.7642,11.1007,11.0633,4.8203,4.9081,5.0962,5.2371,9.3848,9.5135,9.9116,10.0851
CMP-01073,LOT-07,0,normal,8.5086,8.6597,8.8378,8.9492,4.107,4.1495,4.219,4.3274,12.4917,12.6115,13.0692,13.4138
CMP-01074,LOT-05,0,normal,9.5095,9.2327,9.3417,9.381,3.5828,3.56,3.586,3.5887,12.778,12.7846,12.8569,12.8964
CMP-01075,LOT-04,0,normal,9.1706,9.3007,9.8759,10.6105,4.2534,4.2671,4.3029,4.3357,10.9926,10.9735,11.2713,11.3652
CMP-01076,LOT-02,0,normal,11.4678,11.4242,11.5062,11.3974,4.4403,4.3109,4.4263,4.3695,12.5599,12.6369,12.9309,12.9375
CMP-01077,LOT-06,0,normal,11.8651,12.0791,12.2453,12.6107,4.3522,4.406,4.4247,4.3889,12.6641,12.7697,12.968,13.2783
CMP-01078,LOT-02,0,normal,11.8278,11.9162,11.9184,12.254,4.7063,4.678,4.7319,4.8134,11.4848,11.5574,12.0257,12.2872
CMP-01079,LOT-04,0,normal,9.2238,8.9824,9.2982,9.3408,3.6878,3.7101,3.6906,3.6274,12.6044,12.7963,12.804,13.0819
CMP-01080,LOT-07,0,normal,6.5583,6.8295,6.6916,7.0595,4.4868,4.4901,4.6199,4.5376,13.5028,13.5514,13.5976,13.7565
CMP-01081,LOT-08,0,normal,7.4605,7.503,8.4282,8.7684,4.0638,4.0991,4.1775,4.3686,13.0964,13.2128,13.4954,13.9815
CMP-01082,LOT-08,0,normal,11.6145,11.5377,11.9441,12.5228,4.2308,4.2225,4.4032,4.741,13.6538,13.7223,13.9726,14.0255
CMP-01083,LOT-08,0,normal,,9.1408,9.1606,9.3453,4.0882,4.0751,4.2386,4.2098,12.8655,12.9698,13.0419,13.1878
CMP-01084,LOT-05,0,normal,8.9908,8.9822,9.4543,9.6069,4.9491,4.9835,5.063,5.1562,10.0828,10.1873,10.6067,10.9784
CMP-01085,LOT-02,0,normal,12.4535,12.3668,12.6949,12.6706,4.3302,4.401,4.6245,4.7608,11.2672,11.2887,11.2938,11.3659
CMP-01086,LOT-07,0,normal,11.8791,12.3517,13.6371,14.8443,4.8809,4.9069,5.0317,4.9622,10.946,10.9976,11.6043,12.2354
CMP-01087,LOT-07,0,normal,10.259,10.4374,10.5042,11.2627,5.1687,5.2318,5.3183,5.4719,13.337,13.4456,13.7504,13.7483
CMP-01088,LOT-08,0,normal,9.1201,9.4657,9.5926,9.9343,3.8979,4.0149,4.2136,4.2498,13.5013,13.61,13.9641,14.3954
CMP-01089,LOT-06,0,normal,10.1268,10.3243,10.7771,11.6431,2.4295,2.539,2.5562,2.6567,13.4378,13.4938,13.5265,13.8487
CMP-01090,LOT-02,0,normal,10.5354,10.5924,10.5699,10.8322,5.0672,5.2507,5.5107,5.8911,11.9937,12.2226,12.4996,12.7208
CMP-01091,LOT-05,0,normal,11.8359,12.046,12.4631,12.3792,4.1732,4.241,4.3266,4.5491,12.6146,12.6617,12.6687,13.2494
CMP-01092,LOT-04,0,normal,10.7849,11.106,11.8765,12.6171,3.5379,3.581,3.464,3.5849,10.4257,10.2966,10.8236,11.0047
CMP-01093,LOT-07,0,normal,11.2059,10.9693,11.3488,11.6977,3.8405,3.8587,4.054,4.1313,12.684,12.7518,12.8822,13.0014
CMP-01094,LOT-04,0,normal,11.6226,11.5322,11.4897,11.7805,3.8016,3.7549,3.826,3.8348,10.4517,10.4343,10.4505,10.6656
CMP-01095,LOT-03,0,normal,8.1361,8.246,8.3396,8.7683,4.8145,4.822,5.0044,5.0237,11.6601,12.0001,12.2859,12.888
CMP-01096,LOT-01,0,normal,10.8333,10.9364,11.7705,12.5843,4.4289,4.5349,4.509,4.4505,13.5373,13.8292,13.7711,13.9173
CMP-01097,LOT-07,0,normal,9.9235,9.9402,10.126,10.5761,4.8826,,4.9004,4.9319,13.9083,13.9671,14.0451,14.1156
CMP-01098,LOT-07,0,normal,6.87,6.9485,7.0056,7.1697,4.4125,4.3243,4.5814,4.7547,13.4019,13.4396,13.3052,13.5162
CMP-01099,LOT-01,0,normal,7.058,7.0247,7.2154,7.3385,4.2675,4.3324,4.4533,4.6811,11.9075,12.1234,12.5163,12.9017
CMP-01100,LOT-04,0,normal,8.8607,8.8302,8.9179,8.8525,3.7825,3.9028,4.0203,4.1081,10.8311,10.8846,10.9759,11.159
CMP-01101,LOT-04,0,normal,10.6196,10.9876,11.3794,11.4322,4.3385,4.3858,4.6251,4.7405,12.2506,12.1368,12.6432,13.417
CMP-01102,LOT-04,0,normal,10.2479,10.4547,11.177,11.9642,4.476,4.5674,4.6645,4.8493,12.8923,12.966,13.3354,13.5977
CMP-01103,LOT-08,0,normal,9.8858,10.0778,10.6502,11.2798,4.8784,4.9837,5.0464,5.2325,13.117,13.116,13.4608,13.4098
CMP-01104,LOT-02,0,normal,12.825,12.9608,13.1717,13.6425,4.3091,4.3517,4.3856,4.4817,9.9528,10.0881,10.4312,10.4234
CMP-01105,LOT-03,0,normal,8.0126,8.0576,8.0738,8.0302,4.1252,4.2592,4.3952,4.4146,12.2765,12.4103,12.8542,13.4198
CMP-01106,LOT-02,0,normal,10.2778,,10.1547,10.3143,4.8285,4.8369,5.0584,5.2436,9.7186,9.5749,9.6781,9.5975
CMP-01107,LOT-02,0,normal,10.8717,10.8888,11.2184,11.7159,4.2619,4.3229,4.4243,4.5029,12.338,12.447,12.6708,12.985
CMP-01108,LOT-08,0,normal,8.6985,8.6842,8.7836,8.519,3.7318,3.7707,3.8633,3.9212,11.9717,12.0621,12.2385,12.3713
CMP-01109,LOT-08,0,normal,9.7485,9.919,10.1837,10.4964,3.8527,3.9731,4.2308,4.4745,11.5598,11.5667,11.6345,12.01
CMP-01110,LOT-01,0,normal,7.9266,7.9278,8.2415,8.7567,4.2551,4.3173,4.4254,4.5638,12.9195,12.9021,13.1037,13.266
CMP-01111,LOT-06,0,normal,12.0886,12.2525,12.2029,12.0935,4.4837,4.5364,4.6242,4.7094,12.9107,13.0802,13.2022,13.3958
CMP-01112,LOT-02,0,normal,9.58,9.3165,9.2473,9.3751,5.2219,5.296,5.4909,5.6007,11.8009,11.8149,12.1768,12.4162
CMP-01113,LOT-02,0,normal,12.9422,12.9926,13.3181,13.5989,3.7531,3.8194,3.9264,3.9028,13.9203,13.7885,14.0695,14.3172
CMP-01114,LOT-03,0,normal,9.828,9.6894,10.2363,10.5242,3.732,3.6652,3.8503,3.7918,12.723,12.7321,12.8086,12.8055
CMP-01115,LOT-02,0,normal,11.7057,11.7667,12.5716,13.0662,4.2736,4.2974,4.4528,4.5232,10.969,11.0776,11.3008,11.3315
CMP-01116,LOT-04,0,normal,10.0639,10.312,10.5904,10.9367,4.5283,4.5075,4.5268,4.6857,12.4128,12.4575,12.7076,13.0871
CMP-01117,LOT-08,0,normal,9.6392,9.8929,10.0295,10.3572,4.1579,4.1659,4.4338,4.6421,12.3076,12.3763,12.5948,12.7001
CMP-01118,LOT-05,0,normal,9.0478,9.0173,9.3248,9.1177,4.0792,4.1111,4.3498,4.5568,12.8629,13.0656,13.4865,14.1428
CMP-01119,LOT-06,0,normal,10.4676,10.4161,10.45,10.3101,3.4032,3.4007,3.4133,3.4588,12.7087,12.9735,13.3195,13.752
CMP-01120,LOT-04,0,normal,10.6003,10.5582,10.5779,11.069,4.2684,4.3559,4.582,4.7514,12.2859,12.3478,12.6192,13.0071
CMP-01121,LOT-01,1,high_relative,12.5562,14.4551,16.4644,17.6058,6.3672,7.4381,8.1904,8.9983,14.8677,16.8095,18.7119,20.2141
CMP-01122,LOT-01,0,normal,9.6337,9.6197,10.0507,10.5886,4.0149,4.1566,4.3985,4.5001,12.1257,12.065,12.3817,12.7225
CMP-01123,LOT-03,0,normal,8.8921,8.7591,8.9075,8.6441,3.9,3.9316,4.0084,3.9948,12.0337,12.1098,12.6864,13.0431
CMP-01124,LOT-02,0,normal,13.3808,13.3587,13.413,13.3541,5.2111,5.2701,5.2121,5.4273,10.6559,10.7178,11.1935,11.6302
CMP-01125,LOT-07,0,normal,10.211,10.1216,10.9771,11.6431,3.5848,3.5901,3.7637,3.9308,12.5342,12.6693,12.9876,13.5357
CMP-01126,LOT-07,1,high_relative,16.0823,17.9841,19.741,21.1685,5.959,7.0533,8.0384,8.7957,16.9461,18.669,20.0455,21.1861
CMP-01127,LOT-07,0,normal,9.901,9.9776,9.9404,9.6718,4.8024,4.8088,4.8978,4.8892,12.8259,12.8542,13.107,13.1229
CMP-01128,LOT-06,0,normal,10.6774,11.0055,11.9043,12.9259,4.1656,4.2386,4.3811,4.4791,11.157,11.1031,11.4053,11.7269
CMP-01129,LOT-05,1,high_relative,12.7015,14.6495,16.4195,18.0825,6.3737,7.1699,7.9049,8.4783,15.3476,17.2198,18.8996,20.4143
CMP-01130,LOT-06,0,normal,9.8289,9.8219,10.5055,10.8278,4.2823,4.3517,4.5208,4.9276,11.957,12.1967,12.2311,12.1979
CMP-01131,LOT-04,0,normal,10.265,,10.8908,11.2312,3.9371,4.0094,4.1451,4.3295,12.1058,12.0114,12.2044,12.2542
CMP-01132,LOT-06,1,unstable,12.3436,13.8662,22.1982,18.1663,3.8451,5.4241,6.2925,7.3687,12.6319,16.359,20.3173,19.3202
CMP-01133,LOT-07,0,normal,10.4201,10.468,10.5706,10.5536,4.6719,4.6793,4.8724,5.023,12.3168,12.2457,12.4194,12.4855
CMP-01134,LOT-07,0,normal,11.9907,12.3184,13.1726,13.965,4.8141,4.8587,4.9087,4.8965,12.2384,12.3091,12.4096,12.416
CMP-01135,LOT-05,0,normal,10.8428,10.9263,11.4132,12.1421,4.9081,4.9703,5.1136,5.4044,11.8145,11.8007,11.7503,11.7846
CMP-01136,LOT-01,0,normal,11.8112,12.2826,12.4606,12.7991,3.8219,3.8382,3.9857,4.1967,12.862,12.9536,13.1869,13.1697
CMP-01137,LOT-06,0,normal,10.0817,10.4568,10.8157,11.2279,4.8732,4.8823,5.0433,5.2551,12.6105,12.9644,13.1325,13.7192
CMP-01138,LOT-03,0,normal,12.74,12.9335,12.7682,13.0074,3.8529,3.8754,4.0194,4.241,13.504,13.6487,14.2311,14.3836
CMP-01139,LOT-06,0,normal,9.7009,9.8341,10.6852,11.2063,3.6641,3.6809,3.773,3.82,13.5837,13.728,13.8474,14.1462
CMP-01140,LOT-05,0,normal,8.9239,8.8315,8.7889,9.0935,4.1937,4.2065,4.3509,4.5442,13.0774,13.1907,13.5866,13.7094
CMP-01141,LOT-08,0,normal,8.1519,8.2124,8.538,8.7534,4.8149,4.8931,5.0456,5.2482,14.0641,14.0645,14.3459,14.4969
CMP-01142,LOT-03,0,normal,12.8454,12.7245,12.6342,12.5227,4.2912,4.3996,4.4801,4.5171,13.6743,13.6772,13.5608,13.9351
CMP-01143,LOT-08,1,accelerating_drift,10.59,11.7746,20.0071,31.5634,4.1709,5.0493,10.2977,17.7404,11.4931,12.5114,18.3841,26.8203
CMP-01144,LOT-07,0,normal,9.89,10.0315,10.1872,10.6813,4.5427,4.6891,4.765,5.1603,13.5492,13.5314,13.912,14.3045
CMP-01145,LOT-03,0,normal,11.3034,11.4361,11.4703,11.474,4.1698,,4.2373,4.212,13.3411,13.4219,13.7557,13.8042
CMP-01146,LOT-04,0,normal,11.0658,10.9695,11.1117,10.8486,3.6535,3.8676,4.1464,4.283,13.2927,13.2886,13.2139,13.3444
CMP-01147,LOT-05,0,normal,12.2993,12.6301,12.9944,13.4686,3.9949,3.9953,4.1512,4.1754,10.7823,10.8391,11.0527,11.3269
CMP-01148,LOT-07,0,normal,8.2045,8.5252,9.2425,10.1464,4.3458,4.4355,4.3841,4.4938,13.3142,13.43,13.5865,13.7613
CMP-01149,LOT-06,0,normal,9.9823,10.2602,10.7202,11.7265,4.1016,4.1065,4.0462,4.0456,12.5508,12.5564,12.8675,13.0534
CMP-01150,LOT-07,0,normal,9.7201,9.5555,9.9998,10.4814,3.3777,3.4655,3.6589,3.9008,14.7363,14.6582,14.9935,15.181
CMP-01151,LOT-03,0,normal,6.9981,7.225,7.3835,7.8854,4.4568,4.6216,4.8173,5.2,10.6347,10.7914,10.8401,10.966
CMP-01152,LOT-05,0,normal,11.245,11.4178,12.0126,12.4253,4.0945,4.142,4.3059,4.4851,10.8957,10.85,10.7518,10.8256
CMP-01153,LOT-04,0,normal,9.655,10.0181,10.5819,10.8386,4.9583,4.9311,5.242,5.4161,9.9176,10.0284,10.7495,11.0642
CMP-01154,LOT-08,0,normal,10.6927,10.6486,10.9425,10.861,3.5622,3.6217,3.9453,4.1555,12.7742,12.8902,13.286,13.4846
CMP-01155,LOT-03,0,normal,12.8465,12.632,13.2276,13.6802,3.939,3.9503,4.1361,4.2752,14.37,14.3708,14.7014,15.0974
CMP-01156,LOT-05,0,normal,9.5217,9.4243,9.7958,10.14,3.8894,3.9653,4.1043,4.1589,11.5761,11.6994,11.7154,11.9684
CMP-01157,LOT-01,0,normal,9.2288,9.4208,9.7611,10.2718,3.8608,3.9033,4.0665,4.1472,12.0166,12.1683,12.0696,12.1537
CMP-01158,LOT-07,0,normal,10.4548,10.4599,10.7862,11.0413,3.8847,3.8787,4.0782,4.3141,13.2167,13.215,13.6168,13.8764
CMP-01159,LOT-04,0,normal,11.5125,11.6369,11.6536,12.1796,4.989,5.0233,5.0972,5.1198,11.5664,11.697,11.9035,12.1043
CMP-01160,LOT-03,0,normal,8.8218,9.2565,9.5663,10.5437,4.06,4.1831,4.3761,4.4901,12.4921,12.5912,13.0084,13.3455
CMP-01161,LOT-05,0,normal,9.0993,9.2636,9.9672,10.4738,3.8514,4.0004,4.1928,4.3538,12.089,12.0572,12.5916,12.7495
CMP-01162,LOT-04,0,normal,11.5668,11.6183,11.9267,12.482,3.05,3.1358,3.1608,3.2179,11.0106,11.1364,11.4204,11.694
CMP-01163,LOT-07,0,normal,10.6849,11.0768,11.8067,12.4511,3.1935,3.2473,3.3397,3.454,12.6017,12.8633,12.9688,13.453
CMP-01164,LOT-05,0,normal,7.0955,7.2072,7.6028,7.5407,4.0016,4.0352,4.2428,4.3146,12.4673,12.5433,12.9694,13.5739
CMP-01165,LOT-05,0,normal,8.3566,8.509,9.28,10.0889,3.9249,4.0046,3.9887,4.044,12.633,12.6163,12.8975,13.0699
CMP-01166,LOT-01,1,high_relative,15.4599,17.3351,19.3798,20.7678,6.5883,7.6726,8.5646,9.0891,17.7053,,21.7367,23.5274
CMP-01167,LOT-01,0,normal,10.3313,10.8955,12.0054,13.5048,3.2065,3.2114,3.441,3.6147,12.3314,12.499,12.7422,13.0705
CMP-01168,LOT-04,1,accelerating_drift,9.1107,9.7863,14.4321,20.8192,3.9344,4.4778,8.1956,13.5653,12.125,13.3134,20.2336,30.6004
CMP-01169,LOT-08,0,normal,9.5288,9.4247,9.4598,9.8274,4.9617,4.9514,5.0916,5.3102,13.4436,,13.5391,13.878
CMP-01170,LOT-08,0,normal,9.6454,9.8275,10.2462,10.5115,5.2631,5.2724,5.3519,5.4027,12.1984,12.1009,12.2783,12.2406
CMP-01171,LOT-06,0,normal,11.2,11.446,11.8769,12.2719,3.0475,3.144,3.3823,3.5445,11.8872,11.809,12.1415,12.4574
CMP-01172,LOT-06,0,normal,8.5491,8.7989,9.6508,10.4252,3.6111,3.7209,3.8303,4.1125,12.3006,12.4152,12.4866,12.6635
CMP-01173,LOT-04,0,normal,9.1036,8.9919,9.273,9.2881,3.5453,3.6631,3.7402,3.802,10.5774,10.6312,11.0104,11.1731
CMP-01174,LOT-02,0,normal,10.8639,10.775,11.3372,12.0286,4.5822,4.6122,4.5916,4.5636,11.9239,12.1558,12.4089,12.6277
CMP-01175,LOT-01,0,normal,,9.9358,10.7656,11.1551,3.711,3.7745,3.8103,4.0443,13.1071,13.2085,13.6874,13.7752
CMP-01176,LOT-03,0,normal,10.4802,10.5803,11.3522,11.9213,4.9891,5.0162,5.1597,5.3419,11.3245,11.5393,11.9689,12.4578
CMP-01177,LOT-03,0,normal,8.0109,8.0694,8.1574,8.3283,4.0927,4.0738,4.1917,4.3786,12.5761,12.6047,12.6627,12.6874
CMP-01178,LOT-02,0,normal,10.8579,10.8664,11.7539,12.5418,4.5182,4.4502,4.5057,4.7399,11.1728,11.0591,10.943,10.9313
CMP-01179,LOT-03,0,normal,11.0417,11.3487,12.1214,12.7282,4.9378,4.9404,5.1288,5.2415,11.0362,11.2495,12.0545,12.5356
CMP-01180,LOT-01,0,normal,10.3965,10.5938,10.9345,11.7703,4.3195,4.3456,4.7217,4.885,14.2671,14.1139,14.4637,14.8696
CMP-01181,LOT-05,0,normal,9.991,10.129,10.355,10.6604,4.5742,4.5227,4.5892,4.7393,10.687,10.5485,11.2111,11.4311
CMP-01182,LOT-08,0,normal,9.5536,9.6976,10.177,10.569,3.9479,4.0706,4.105,4.3431,11.3481,11.4482,11.6098,12.1494
CMP-01183,LOT-06,0,normal,9.2499,9.3817,9.606,9.7061,3.4037,3.349,3.3935,3.3887,12.6024,12.6456,13.0294,13.1869
CMP-01184,LOT-04,0,normal,10.0557,10.2374,10.6154,11.0382,3.7496,3.7871,4.129,4.5159,12.2487,12.1145,12.0509,12.1762
CMP-01185,LOT-04,0,normal,11.7423,11.8956,12.1401,12.5114,5.2121,5.2758,5.3838,5.4141,12.5164,12.4917,12.6854,12.8166
CMP-01186,LOT-03,0,normal,9.4323,9.5445,9.3348,9.8212,4.4271,4.3608,4.5618,4.6724,14.0543,14.1435,14.3568,14.4277
CMP-01187,LOT-02,0,normal,9.2104,9.089,9.1221,8.9888,4.6304,4.7172,4.834,5.0612,10.8027,10.9153,10.8702,11.1528
CMP-01188,LOT-05,0,normal,9.2191,9.1462,9.2318,9.3215,3.7723,3.849,3.8578,3.9618,11.1066,11.1501,11.0026,11.2782
CMP-01189,LOT-05,0,normal,10.2306,10.1846,10.7007,10.9593,4.8364,4.8417,4.8385,5.0173,13.2631,13.4498,14.2667,14.6097
CMP-01190,LOT-01,1,accelerating_drift,9.2751,10.3988,17.6372,27.6824,3.6981,4.0897,7.5615,12.6461,12.9703,13.6095,17.059,22.2553
CMP-01191,LOT-04,0,normal,10.5903,,11.2697,11.6679,3.2013,3.1595,3.2521,3.2763,12.7389,12.7553,12.6936,13.2206
CMP-01192,LOT-03,0,normal,10.3847,10.5412,11.01,11.8591,3.7466,3.845,3.9968,4.0799,11.4238,11.5553,11.8644,12.2025
CMP-01193,LOT-02,0,normal,11.5745,11.3985,11.4261,11.7635,5.6728,5.5879,5.6462,5.5506,12.7651,12.7925,13.1827,13.5566
CMP-01194,LOT-06,0,normal,12.1711,12.2316,13.1717,13.7143,5.1099,5.152,5.4914,5.75,13.2414,13.3546,13.3791,13.4082
CMP-01195,LOT-05,0,normal,11.1402,11.3084,11.5126,11.4759,3.9992,4.2173,4.1857,4.5106,11.8095,11.9915,12.3087,12.5418
CMP-01196,LOT-06,0,normal,9.0121,9.0996,9.4533,9.4282,3.6548,3.7121,3.8957,3.9993,11.9335,11.8679,12.2298,12.6319
CMP-01197,LOT-06,0,normal,9.2912,9.1921,9.9461,10.0007,3.2346,3.1679,3.2429,3.1993,12.4478,12.6272,12.6982,12.7461
CMP-01198,LOT-08,0,normal,9.493,9.4803,9.3904,9.6496,4.4087,4.3821,4.544,4.541,14.1628,14.4893,14.6047,14.8229
CMP-01199,LOT-07,0,normal,9.5636,9.6909,9.665,9.8313,4.2435,4.2708,4.6083,4.6355,11.6812,11.8175,12.0509,12.1522
CMP-01200,LOT-05,0,normal,8.4358,8.7079,9.0586,9.6529,4.7226,4.8804,5.3541,5.8436,10.8454,11.032,11.2021,11.3783
